metrics_id,date,warehouse_id,supplier_id,inventory_turnover,stock_accuracy_percent,stockout_incidents,overstock_value_sar,order_fulfillment_rate,average_order_cycle_time_days,on_time_delivery_rate,order_accuracy_rate,supplier_performance_score,supplier_reliability_percent,cost_savings_sar,transportation_cost_sar,fuel_efficiency_km_per_liter,route_optimization_savings_sar,defect_rate_percent,customer_satisfaction_score,return_rate_percent,carbon_footprint_kg_co2,waste_reduction_percent,sustainability_score,created_at
SCM78652,2025-04-14T14:32:53,WH736,SUP2891,9.9,97.5,7,46162.63,0.96,8.46,0.89,0.962,4.0,87.34,7290.12,43103.02,10.2,14627.65,0.36,4.8,0.58,4896.02,7.42,3.9,2025-10-04T23:50:43.124407
SCM54597,2025-03-01T17:47:23,WH677,SUP1554,5.1,99.18,1,44396.41,0.986,4.57,0.894,0.95,3.7,97.69,42791.31,72904.72,7.63,15098.3,1.98,4.5,0.8,9432.64,22.26,3.8,2025-10-04T23:50:43.124551
SCM86539,2025-02-28T15:12:50,WH378,SUP6696,5.36,99.43,4,51730.92,0.965,5.64,0.883,0.958,4.4,91.63,16079.41,70244.31,11.76,13707.77,0.56,5.0,1.18,6175.54,13.02,4.8,2025-10-04T23:50:43.124679
SCM63163,2025-01-09T11:23:46,WH725,SUP4695,10.81,98.95,10,64936.39,0.979,7.53,0.942,0.984,3.9,97.62,21135.4,21958.25,6.97,3402.77,0.27,5.0,1.9,2115.05,15.28,3.5,2025-10-04T23:50:43.124794
SCM62465,2025-01-30T01:18:15,WH157,SUP6989,6.46,96.72,8,10173.1,0.959,5.61,0.949,0.961,4.1,94.88,15421.27,55978.74,7.76,7175.77,0.52,4.9,1.58,6464.0,8.51,4.5,2025-10-04T23:50:43.124909
SCM41099,2025-01-07T21:34:23,WH134,SUP1827,5.98,98.78,9,76015.03,0.926,3.23,0.93,0.973,4.8,88.37,23026.81,83651.47,11.77,7357.34,0.99,4.9,1.33,5988.09,18.32,3.0,2025-10-04T23:50:43.128545
SCM97707,2025-06-19T07:53:46,WH792,SUP9657,10.96,98.75,4,73140.07,0.927,3.85,0.951,0.955,3.8,91.13,17625.38,13206.08,10.39,13158.41,1.0,4.0,2.36,5140.14,23.16,3.5,2025-10-04T23:50:43.128709
SCM62261,2025-06-28T12:01:56,WH852,SUP7395,6.71,98.5,7,20608.34,0.957,9.12,0.886,0.987,3.7,86.83,13382.68,85884.4,7.7,13681.25,1.01,4.9,1.26,8459.29,14.82,4.2,2025-10-04T23:50:43.128831
SCM67186,2025-06-11T01:33:29,WH265,SUP3604,11.02,95.02,4,81770.55,0.965,2.52,0.89,0.95,4.1,96.61,29931.12,22706.39,6.75,7938.34,1.33,4.5,1.58,1353.5,6.22,3.8,2025-10-04T23:50:43.129014
SCM97240,2025-01-15T17:12:32,WH615,SUP6341,8.36,96.67,7,85026.17,0.965,5.23,0.922,0.974,3.8,86.07,49182.93,71199.47,6.45,18129.02,1.49,4.1,0.66,6472.08,10.69,4.6,2025-10-04T23:50:43.129149
SCM60334,2025-06-16T19:50:10,WH675,SUP5852,4.99,95.53,8,21667.29,0.928,6.76,0.966,0.954,4.9,88.05,29191.2,60642.23,10.29,7606.2,1.37,4.9,0.93,3195.76,16.87,3.8,2025-10-04T23:50:43.129276
SCM64926,2025-01-09T13:28:53,WH959,SUP1615,9.5,95.35,5,36194.78,0.951,2.48,0.931,0.975,3.8,94.11,13589.1,43397.32,11.16,14067.05,0.49,5.0,1.98,4267.85,21.63,3.2,2025-10-04T23:50:43.129430
SCM57583,2025-01-27T13:54:48,WH361,SUP8668,5.78,96.15,8,36582.55,0.948,5.49,0.964,0.977,4.8,97.03,14035.63,79575.6,11.15,16211.88,0.7,4.8,1.83,7677.52,7.99,4.4,2025-10-04T23:50:43.129644
SCM96851,2025-04-26T20:40:14,WH886,SUP5855,8.01,97.15,3,85252.07,0.956,5.43,0.902,0.988,4.3,88.7,22443.47,11258.91,7.79,8632.03,1.42,4.5,2.57,2308.47,19.56,4.0,2025-10-04T23:50:43.129772
SCM23455,2025-04-19T07:51:40,WH692,SUP7395,9.55,95.44,5,90364.59,0.987,8.37,0.881,0.963,4.8,97.81,38657.84,44019.08,10.64,8501.43,1.66,4.5,1.18,2554.95,19.33,3.2,2025-10-04T23:50:43.129902
SCM61918,2025-03-26T06:50:24,WH168,SUP6940,5.71,95.63,9,78690.26,0.983,6.43,0.902,0.966,4.2,95.13,39581.73,22167.29,11.1,2596.09,1.28,4.0,0.58,8219.72,15.54,4.9,2025-10-04T23:50:43.130031
SCM10536,2025-01-31T20:33:36,WH359,SUP6233,7.28,95.61,7,46049.01,0.976,2.71,0.915,0.957,3.7,95.62,19424.35,33096.46,10.13,5248.32,0.26,4.8,2.63,6219.8,15.39,3.2,2025-10-04T23:50:43.130183
SCM24987,2025-05-20T12:07:45,WH694,SUP8115,5.84,95.69,3,53556.0,0.962,8.4,0.895,0.955,3.6,90.44,27134.73,68914.75,9.61,5025.09,1.81,4.0,1.78,8733.6,14.07,3.5,2025-10-04T23:50:43.130306
SCM73452,2025-01-31T04:01:53,WH310,SUP8336,11.63,95.09,2,90214.87,0.939,5.86,0.889,0.971,4.5,89.13,33978.56,85942.17,10.35,10748.67,1.26,4.2,1.43,6711.86,23.68,3.5,2025-10-04T23:50:43.130430
SCM69105,2025-04-27T19:33:03,WH185,SUP9093,6.62,99.31,2,94823.28,0.955,9.63,0.939,0.979,3.8,92.24,27427.98,86299.28,9.77,7186.96,0.59,4.3,1.89,4483.4,24.67,3.1,2025-10-04T23:50:43.130557
SCM85152,2025-03-17T05:00:17,WH280,SUP6639,7.24,98.39,7,11786.0,0.951,8.92,0.886,0.957,4.7,88.54,27354.92,78446.36,11.95,13320.14,1.62,4.9,1.08,8114.32,7.37,4.5,2025-10-04T23:50:43.130682
SCM98618,2025-02-06T12:54:13,WH257,SUP9339,11.58,98.64,1,22043.61,0.95,8.97,0.887,0.958,3.8,96.14,39395.39,32928.63,10.74,9730.61,0.99,4.8,0.96,6034.96,13.98,4.0,2025-10-04T23:50:43.130808
SCM71711,2025-03-06T12:01:18,WH725,SUP1034,10.56,99.05,3,99404.84,0.947,9.97,0.967,0.99,4.2,92.36,14343.07,82292.63,8.9,7036.13,0.18,4.6,1.5,4044.86,16.57,3.5,2025-10-04T23:50:43.130932
SCM36443,2025-03-18T09:38:04,WH231,SUP1506,8.89,97.08,4,89057.8,0.927,5.59,0.916,0.978,3.7,96.78,16036.68,54593.85,7.92,10803.31,0.84,4.1,0.63,1916.83,14.76,4.1,2025-10-04T23:50:43.131069
SCM51564,2025-06-03T02:33:46,WH128,SUP2031,9.45,99.34,10,52123.82,0.957,2.93,0.956,0.958,4.7,90.56,7600.84,56315.1,10.85,19051.66,1.75,4.2,0.97,9736.87,22.34,3.7,2025-10-04T23:50:43.131192
SCM13559,2025-01-26T08:23:54,WH354,SUP4696,4.01,97.67,2,95300.97,0.937,4.17,0.933,0.97,4.6,88.89,34102.36,31825.05,9.42,9798.69,0.29,4.5,1.42,1905.73,20.19,4.4,2025-10-04T23:50:43.131320
SCM52327,2025-04-29T07:29:58,WH666,SUP9526,10.25,95.93,2,46366.4,0.971,6.77,0.919,0.979,4.0,86.22,41557.0,74968.56,10.38,18485.92,1.68,4.2,2.82,3961.21,24.06,4.5,2025-10-04T23:50:43.131463
SCM43520,2025-04-14T23:14:19,WH906,SUP2393,10.82,98.48,6,24652.97,0.957,2.58,0.889,0.97,4.3,91.85,24354.51,62894.84,7.78,15524.77,1.82,4.2,0.61,7160.82,6.64,3.4,2025-10-04T23:50:43.131608
SCM94111,2025-02-23T02:54:00,WH757,SUP4613,11.75,98.26,2,62700.13,0.948,8.46,0.88,0.963,4.7,94.87,48546.15,46887.88,8.83,8528.04,1.06,4.8,1.04,2501.68,10.4,3.1,2025-10-04T23:50:43.131747
SCM16074,2025-05-07T08:25:52,WH286,SUP9318,5.29,98.89,6,39455.21,0.939,4.31,0.902,0.959,4.3,93.53,46678.56,87061.23,6.31,12268.85,1.18,4.1,2.52,7526.87,9.45,3.7,2025-10-04T23:50:43.132369
SCM93933,2025-02-22T17:41:07,WH159,SUP9117,4.42,99.05,8,29889.12,0.952,8.73,0.965,0.967,4.4,85.91,39246.8,40513.79,8.64,15480.32,0.16,4.5,2.69,5604.48,14.44,4.3,2025-10-04T23:50:43.146072
SCM88047,2025-05-05T02:10:22,WH416,SUP7001,5.09,98.19,1,97815.27,0.957,3.74,0.921,0.956,4.3,94.16,20598.82,48640.28,8.83,6168.09,0.91,4.6,2.74,9320.67,5.72,3.1,2025-10-04T23:50:43.146408
SCM61673,2025-04-22T01:30:16,WH382,SUP6595,5.83,96.06,1,84542.84,0.939,4.14,0.941,0.966,4.5,90.97,17959.48,91103.28,6.96,18486.03,1.74,4.6,1.57,6328.53,14.52,3.1,2025-10-04T23:50:43.146565
SCM90863,2025-03-17T15:53:13,WH545,SUP5818,9.16,99.1,1,46370.84,0.942,7.88,0.955,0.977,3.8,97.37,37676.64,57628.17,8.09,15789.87,1.61,5.0,1.06,6308.07,22.75,3.6,2025-10-04T23:50:43.146693
SCM27077,2025-01-14T11:24:40,WH669,SUP6428,4.45,99.02,9,42784.28,0.936,8.63,0.938,0.965,4.1,87.18,23316.3,78144.06,6.58,17730.26,1.48,4.6,1.67,1524.7,9.89,3.5,2025-10-04T23:50:43.146817
SCM89661,2025-03-26T04:49:12,WH965,SUP5745,6.82,98.22,3,93287.52,0.935,3.9,0.884,0.971,4.8,96.9,49767.51,17806.55,9.36,9559.57,1.16,4.6,2.91,5460.35,22.07,3.4,2025-10-04T23:50:43.146936
SCM73212,2025-01-31T23:42:09,WH889,SUP2199,7.91,97.26,7,79505.18,0.93,8.25,0.895,0.975,4.5,97.62,42425.46,22422.21,7.46,15091.39,0.92,4.8,1.77,4090.11,15.54,4.2,2025-10-04T23:50:43.147052
SCM31259,2025-05-23T12:21:46,WH950,SUP3425,9.63,96.24,4,92904.36,0.953,8.79,0.913,0.958,5.0,91.57,11168.69,26577.4,8.7,3939.03,1.7,4.6,2.87,8250.18,19.87,3.4,2025-10-04T23:50:43.147164
SCM25674,2025-06-18T15:15:54,WH761,SUP5965,7.01,97.12,6,11092.04,0.989,9.11,0.929,0.981,4.3,95.55,6529.61,66044.64,7.41,9945.02,1.11,4.1,2.26,6250.09,9.72,4.8,2025-10-04T23:50:43.147277
SCM73316,2025-04-19T05:38:03,WH714,SUP7559,7.27,98.93,7,32978.51,0.946,8.22,0.915,0.962,4.8,90.86,10834.98,60039.27,6.59,8584.25,1.0,4.1,1.43,6690.47,13.91,4.9,2025-10-04T23:50:43.147392
SCM26549,2025-04-16T04:31:55,WH779,SUP5205,11.72,99.13,4,75731.79,0.958,7.16,0.91,0.965,3.8,92.06,10847.07,23780.82,11.51,13506.04,1.07,4.1,0.81,1062.27,10.07,3.8,2025-10-04T23:50:43.147507
SCM24981,2025-05-30T23:40:42,WH445,SUP9069,11.55,97.42,0,73670.65,0.923,2.43,0.968,0.984,4.1,87.66,14851.03,56957.99,9.17,9801.42,0.95,4.1,2.39,4826.9,23.31,3.7,2025-10-04T23:50:43.147617
SCM29990,2025-04-20T15:13:41,WH137,SUP5521,8.2,96.42,3,60764.71,0.958,4.56,0.9,0.959,4.1,92.26,19140.14,49443.13,11.11,19717.85,1.11,4.2,1.84,8390.27,5.85,4.9,2025-10-04T23:50:43.147744
SCM15111,2025-04-04T08:57:03,WH539,SUP8301,6.07,98.53,6,39548.28,0.983,4.04,0.887,0.958,4.2,91.14,18087.26,68672.29,6.49,6310.77,0.11,4.8,0.54,3260.57,21.98,3.3,2025-10-04T23:50:43.147859
SCM59501,2025-06-22T20:09:11,WH636,SUP3550,7.25,96.91,3,91740.32,0.965,9.76,0.894,0.977,4.0,94.77,31663.95,76080.34,10.94,16986.62,1.24,4.4,0.84,3527.31,24.26,3.2,2025-10-04T23:50:43.147982
SCM48277,2025-04-21T14:18:21,WH965,SUP3807,6.34,95.74,2,14805.89,0.948,8.45,0.894,0.978,3.7,90.69,49502.69,96170.15,10.14,9869.11,0.39,4.0,1.68,7755.22,20.66,3.9,2025-10-04T23:50:43.148117
SCM24312,2025-02-21T23:43:36,WH752,SUP4463,10.19,96.16,7,81838.92,0.921,2.84,0.942,0.982,3.7,85.81,42987.88,21604.94,9.11,12038.96,1.53,4.5,1.0,9362.23,11.88,3.6,2025-10-04T23:50:43.148242
SCM28247,2025-03-21T22:51:05,WH227,SUP4196,7.39,98.12,5,67396.54,0.968,4.82,0.906,0.951,4.2,93.8,35018.24,18168.19,8.49,13899.46,2.0,4.2,2.63,3604.67,21.14,4.3,2025-10-04T23:50:43.148363
SCM35328,2025-02-22T16:46:49,WH862,SUP9900,11.9,98.91,4,33786.58,0.949,7.68,0.914,0.969,4.6,87.44,5182.48,87436.1,6.79,18363.3,1.07,4.4,0.58,8304.06,19.62,3.2,2025-10-04T23:50:43.148487
SCM79325,2025-03-24T15:14:54,WH654,SUP4467,5.43,95.39,6,55956.93,0.94,6.32,0.944,0.961,4.8,96.38,14786.13,95105.84,7.44,16534.72,0.6,4.1,1.83,6520.58,12.31,3.6,2025-10-04T23:50:43.148614
SCM12628,2025-04-16T22:18:20,WH155,SUP6461,9.06,95.32,9,36944.96,0.934,2.45,0.894,0.982,4.7,88.9,46348.32,68106.16,9.1,13382.6,0.98,4.1,2.52,2167.1,10.87,3.9,2025-10-04T23:50:43.148733
SCM45653,2025-04-21T08:34:35,WH484,SUP3676,5.32,97.96,5,60263.6,0.943,4.57,0.922,0.984,3.8,91.15,26284.67,65684.45,10.16,13671.61,1.51,4.3,0.82,3654.87,10.17,3.8,2025-10-04T23:50:43.148868
SCM87663,2025-01-18T03:54:06,WH537,SUP2516,7.87,97.98,4,73479.63,0.929,9.73,0.934,0.984,4.4,92.14,41525.92,42164.14,10.53,7663.83,1.58,5.0,2.11,7366.27,16.67,3.5,2025-10-04T23:50:43.148984
SCM67962,2025-05-17T06:33:06,WH843,SUP4753,11.45,95.96,4,90455.36,0.973,2.27,0.937,0.988,4.7,85.58,13753.45,54114.76,6.49,8847.78,0.45,4.8,0.59,6458.4,14.74,3.7,2025-10-04T23:50:43.149095
SCM18350,2025-05-21T14:56:49,WH529,SUP3973,5.88,95.03,9,64307.14,0.986,5.13,0.957,0.968,4.6,89.43,15825.6,14101.55,9.6,19097.16,1.29,4.7,0.77,2406.06,22.67,4.4,2025-10-04T23:50:43.149210
SCM94276,2025-02-25T16:56:23,WH717,SUP5886,5.29,96.1,2,85242.3,0.925,7.75,0.888,0.973,3.9,93.48,40684.96,97075.74,6.12,18351.96,0.36,4.6,1.17,2996.09,21.2,3.4,2025-10-04T23:50:43.149351
SCM37525,2025-03-08T19:01:27,WH958,SUP8089,7.0,98.91,2,80721.08,0.963,5.07,0.911,0.975,3.8,88.78,37324.57,47486.93,7.96,2077.53,0.43,4.5,1.66,7563.44,16.11,3.9,2025-10-04T23:50:43.149483
SCM26533,2025-03-26T13:03:32,WH729,SUP5290,10.06,98.12,6,62087.69,0.922,8.36,0.96,0.96,3.5,91.45,14812.31,56786.25,11.71,10964.44,0.6,4.7,2.95,7727.42,19.58,4.9,2025-10-04T23:50:43.149613
SCM40772,2025-05-06T07:38:05,WH681,SUP4576,10.21,98.04,6,67387.21,0.952,9.85,0.924,0.969,4.9,96.13,7793.83,31994.59,9.76,18380.12,0.33,4.5,2.04,1379.15,7.53,3.5,2025-10-04T23:50:43.149726
SCM91229,2025-06-20T22:30:15,WH351,SUP9558,8.79,95.38,6,91532.11,0.968,3.04,0.899,0.963,4.6,85.52,25753.58,70809.49,10.16,12825.56,1.57,4.8,2.3,1610.64,7.01,4.7,2025-10-04T23:50:43.149838
SCM30778,2025-04-07T12:19:49,WH595,SUP6953,10.47,95.75,3,37030.11,0.935,5.18,0.938,0.957,3.8,88.4,41500.31,58190.35,9.41,2080.4,0.79,4.1,1.04,9764.28,10.9,3.2,2025-10-04T23:50:43.149954
SCM83002,2025-02-12T16:57:17,WH647,SUP8555,5.92,95.93,9,92492.48,0.967,3.32,0.965,0.982,4.8,94.49,9217.27,56125.21,10.24,3597.16,1.68,4.5,1.15,1257.07,18.37,4.4,2025-10-04T23:50:43.150079
SCM75811,2025-04-24T04:53:55,WH733,SUP3690,6.85,96.26,5,21192.81,0.926,3.14,0.939,0.989,4.8,94.37,29620.84,66023.71,7.38,14720.8,1.48,4.8,1.57,5490.73,15.08,3.2,2025-10-04T23:50:43.150224
SCM12363,2025-06-09T18:28:54,WH109,SUP1235,9.0,99.12,1,74331.99,0.983,7.31,0.902,0.974,4.2,91.53,16300.27,93324.94,11.34,14337.74,0.89,4.2,2.05,6701.27,24.09,4.6,2025-10-04T23:50:43.150403
SCM41697,2025-02-04T04:15:02,WH512,SUP6027,4.51,95.76,4,21083.14,0.931,9.75,0.932,0.988,4.6,95.77,19133.86,96568.05,9.13,7537.98,1.2,4.9,2.79,7168.83,11.59,4.0,2025-10-04T23:50:43.150544
SCM49267,2025-05-23T07:21:18,WH126,SUP1034,8.33,97.2,9,88971.74,0.964,9.91,0.885,0.987,3.6,96.94,47633.93,69534.05,8.09,11188.88,1.66,4.8,2.89,6246.47,6.45,4.1,2025-10-04T23:50:43.150684
SCM84067,2025-03-24T04:51:58,WH935,SUP8947,11.47,96.43,10,99571.58,0.961,9.43,0.94,0.988,4.0,97.14,20091.95,71569.4,6.99,7688.6,1.59,4.8,0.86,5077.89,16.78,4.4,2025-10-04T23:50:43.150834
SCM60901,2025-05-07T06:05:20,WH305,SUP9435,9.06,97.16,9,34209.57,0.971,6.29,0.952,0.958,4.9,97.19,46394.26,32357.39,10.76,14274.47,1.04,4.3,1.82,7353.43,18.09,3.4,2025-10-04T23:50:43.150956
SCM59618,2025-02-14T04:23:40,WH513,SUP9578,4.87,98.75,0,47707.92,0.936,7.37,0.904,0.951,4.5,91.52,46941.57,24755.13,9.73,15830.88,0.2,4.5,1.21,4047.82,11.9,4.5,2025-10-04T23:50:43.151076
SCM83232,2025-03-13T18:20:17,WH523,SUP2020,4.33,97.42,2,23895.85,0.975,5.32,0.917,0.965,3.7,86.06,42095.02,53549.86,11.73,10546.63,1.11,4.4,2.75,1412.78,14.36,4.4,2025-10-04T23:50:43.151202
SCM68776,2025-04-26T08:05:58,WH394,SUP8414,11.55,95.03,5,13022.1,0.943,3.24,0.968,0.972,4.5,85.26,10398.15,24302.62,6.42,8488.15,1.87,4.8,2.95,4180.34,13.33,3.2,2025-10-04T23:50:43.151345
SCM97778,2025-01-22T20:07:13,WH168,SUP6743,8.73,96.89,10,78315.22,0.981,6.48,0.88,0.984,3.6,92.58,47597.24,67243.68,7.01,2280.07,0.9,4.7,0.79,8250.33,7.88,4.3,2025-10-04T23:50:43.151468
SCM26079,2025-03-08T20:54:01,WH605,SUP7541,4.86,97.32,10,78056.91,0.947,6.39,0.931,0.973,4.7,87.67,27179.0,70995.54,11.99,2244.23,0.61,4.6,2.37,3551.51,23.86,4.1,2025-10-04T23:50:43.151589
SCM76020,2025-06-13T22:03:52,WH662,SUP7728,11.0,99.17,0,15556.16,0.955,8.49,0.907,0.952,5.0,89.41,37032.83,36584.56,10.43,8235.24,1.84,4.2,2.34,3618.59,19.35,3.1,2025-10-04T23:50:43.151718
SCM75814,2025-01-15T15:48:58,WH467,SUP3572,7.86,97.77,2,44555.42,0.935,5.07,0.965,0.958,4.6,89.2,49910.34,60569.18,9.29,14271.05,1.76,4.5,0.85,6505.76,6.48,3.5,2025-10-04T23:50:43.151848
SCM80123,2025-02-19T11:14:15,WH471,SUP1872,10.16,96.8,2,28641.22,0.929,9.5,0.912,0.954,3.5,97.84,6135.29,75748.02,11.69,3210.35,1.48,4.2,1.86,9758.53,23.14,4.3,2025-10-04T23:50:43.151976
SCM68922,2025-05-13T13:12:45,WH933,SUP1241,4.23,97.79,8,23286.97,0.927,3.45,0.928,0.956,4.2,94.61,16378.37,82431.42,11.86,7147.51,0.21,4.6,2.52,5322.61,13.06,3.4,2025-10-04T23:50:43.152097
SCM11285,2025-02-27T22:09:52,WH443,SUP8579,8.52,96.68,8,77937.21,0.988,3.27,0.882,0.961,4.7,92.51,18928.19,70536.64,6.87,5103.52,1.72,4.6,0.93,6423.4,14.59,3.2,2025-10-04T23:50:43.152260
SCM99070,2025-03-18T14:09:38,WH771,SUP1993,9.91,96.47,9,76028.35,0.961,7.99,0.926,0.967,3.7,88.63,49378.6,77391.61,7.03,11092.09,0.5,4.1,1.62,9186.61,20.93,3.5,2025-10-04T23:50:43.152390
SCM29148,2025-06-05T02:32:57,WH412,SUP9871,10.43,97.53,3,81783.62,0.948,4.61,0.882,0.97,3.7,86.7,23272.0,44616.21,6.72,4010.36,0.59,4.2,1.99,1457.33,17.36,3.5,2025-10-04T23:50:43.152512
SCM38000,2025-02-23T19:05:04,WH232,SUP9341,9.08,96.16,8,31578.21,0.925,2.88,0.889,0.969,3.5,96.74,28067.14,23669.48,8.7,3566.52,0.68,4.0,2.36,2419.9,19.36,4.9,2025-10-04T23:50:43.152631
SCM48018,2025-03-08T17:29:49,WH619,SUP5683,11.41,98.24,9,12918.28,0.981,5.16,0.938,0.976,3.8,85.11,41660.56,80833.02,7.72,19157.61,0.48,4.2,2.88,8525.94,21.21,4.2,2025-10-04T23:50:43.152754
SCM49454,2025-05-06T10:44:33,WH709,SUP4254,9.82,96.33,5,57203.29,0.933,9.48,0.922,0.969,4.0,90.85,15006.43,54749.2,7.84,7126.73,1.81,4.7,1.58,1801.94,9.21,3.1,2025-10-04T23:50:43.152866
SCM27408,2025-04-17T09:19:12,WH846,SUP3881,6.33,95.2,10,98666.87,0.955,7.02,0.885,0.966,4.8,94.25,36690.76,60683.85,8.57,6420.66,1.14,4.7,1.53,1750.21,12.14,3.2,2025-10-04T23:50:43.152990
SCM46081,2025-06-22T14:28:36,WH298,SUP4560,9.39,98.52,0,87096.12,0.959,2.4,0.891,0.962,4.5,90.41,24298.85,90514.61,11.96,14870.52,0.55,4.6,0.58,6858.29,21.47,3.4,2025-10-04T23:50:43.153127
SCM38662,2025-06-13T02:45:48,WH956,SUP5991,8.05,97.09,0,94356.58,0.988,2.9,0.944,0.975,4.2,90.74,38172.43,20147.44,6.47,5985.96,1.93,4.4,1.09,8430.53,22.53,3.2,2025-10-04T23:50:43.153252
SCM11250,2025-05-03T17:28:13,WH634,SUP4924,4.95,97.83,5,44921.37,0.987,6.54,0.937,0.964,4.0,85.96,19935.18,29335.21,8.76,13067.53,1.46,4.9,2.97,6780.07,15.1,3.1,2025-10-04T23:50:43.153364
SCM66915,2025-04-28T01:42:39,WH314,SUP4192,6.45,95.45,6,51166.13,0.969,2.99,0.941,0.96,3.9,90.42,28148.08,83360.78,11.81,19166.95,1.95,4.2,1.6,5712.95,14.65,3.7,2025-10-04T23:50:43.153484
SCM52343,2025-01-28T14:08:12,WH532,SUP3175,6.86,98.51,7,89434.03,0.934,2.39,0.914,0.971,4.2,89.9,49043.69,89962.7,7.85,14616.41,1.1,4.2,1.71,1300.6,16.49,3.5,2025-10-04T23:50:43.153604
SCM48947,2025-03-09T06:56:05,WH516,SUP3711,7.32,98.14,0,76968.62,0.949,8.32,0.953,0.953,4.4,92.2,25554.41,60638.66,6.76,6234.62,1.66,4.4,1.67,5829.52,7.74,3.2,2025-10-04T23:50:43.153731
SCM86482,2025-06-09T05:54:03,WH762,SUP7297,9.02,95.02,8,79099.89,0.96,3.41,0.957,0.988,3.5,86.96,24055.75,81694.7,8.03,6314.8,1.84,4.2,1.77,5928.38,20.47,4.9,2025-10-04T23:50:43.153864
SCM87283,2025-03-08T03:34:40,WH625,SUP3085,6.41,95.25,4,72970.95,0.956,6.1,0.911,0.966,4.8,92.88,30315.79,82885.59,7.73,6354.67,1.76,4.5,2.85,7050.79,6.63,3.4,2025-10-04T23:50:43.153976
SCM95352,2025-06-10T16:43:26,WH902,SUP1118,8.23,96.35,3,81724.51,0.939,7.27,0.891,0.979,4.8,97.73,22886.37,45431.18,8.2,9358.52,0.83,4.9,2.21,7344.92,24.06,4.2,2025-10-04T23:50:43.154090
SCM71603,2025-03-15T22:33:40,WH142,SUP9943,11.77,96.68,2,94630.03,0.926,6.98,0.891,0.966,3.7,86.72,36386.48,50540.94,10.39,12533.04,0.51,4.6,0.57,4551.91,15.51,3.3,2025-10-04T23:50:43.154216
SCM87880,2025-05-17T15:07:03,WH213,SUP2154,9.86,99.39,5,98472.74,0.925,8.58,0.889,0.962,4.9,87.53,36165.19,57188.57,11.71,18227.18,0.38,5.0,2.24,3874.68,5.17,4.1,2025-10-04T23:50:43.154325
SCM86662,2025-02-13T18:11:57,WH572,SUP1033,4.31,98.0,7,45292.75,0.977,2.51,0.951,0.954,3.6,89.0,15629.34,11750.07,11.75,19156.01,1.83,4.0,1.14,5372.46,12.45,4.4,2025-10-04T23:50:43.154433
SCM77081,2025-02-19T14:18:57,WH150,SUP2899,4.35,96.93,10,33511.47,0.96,5.56,0.961,0.968,4.6,92.7,33929.88,29574.87,6.55,15963.26,1.11,4.2,1.62,7324.2,19.6,3.3,2025-10-04T23:50:43.154551
SCM39861,2025-02-08T06:00:31,WH333,SUP1914,11.11,96.31,0,50747.11,0.966,3.02,0.897,0.956,4.6,91.86,44435.98,49213.8,7.95,6341.09,1.29,4.7,0.71,6534.7,17.73,4.2,2025-10-04T23:50:43.157229
SCM59319,2025-04-02T21:08:18,WH226,SUP3751,6.25,95.22,9,63220.0,0.947,9.21,0.939,0.969,4.9,87.7,25517.19,65476.41,10.78,6175.44,1.6,4.9,2.2,4347.44,8.21,3.7,2025-10-04T23:50:43.157506
SCM63461,2025-03-04T08:46:52,WH651,SUP8249,7.12,97.77,0,55213.48,0.98,2.15,0.943,0.964,3.7,89.92,8319.2,70128.6,9.0,8483.69,0.99,4.7,1.34,5078.1,22.3,3.9,2025-10-04T23:50:43.157672
SCM20232,2025-06-22T01:15:58,WH293,SUP2574,9.28,98.19,5,17601.73,0.923,5.05,0.93,0.981,4.5,95.95,49429.57,61135.9,8.39,2019.77,1.86,4.6,1.88,8031.99,13.29,3.3,2025-10-04T23:50:43.157794
SCM15079,2025-02-06T14:19:13,WH974,SUP4189,7.06,95.82,10,19307.3,0.97,3.86,0.893,0.958,3.5,87.41,48700.37,95752.47,7.15,18922.01,0.71,4.1,2.25,9191.09,24.4,3.5,2025-10-04T23:50:43.157912
SCM91701,2025-06-26T01:02:35,WH990,SUP6125,7.23,97.63,2,58457.35,0.977,5.3,0.949,0.989,4.4,95.05,24909.29,40416.73,6.95,13643.6,1.74,5.0,2.32,9768.75,21.93,3.9,2025-10-04T23:50:43.158030
SCM14959,2025-05-06T18:46:48,WH869,SUP7453,5.62,96.42,10,83436.86,0.936,3.91,0.926,0.951,3.7,94.07,34771.08,68089.14,10.83,2633.2,1.06,4.0,2.24,6592.13,13.96,3.3,2025-10-04T23:50:43.158144
SCM43438,2025-01-08T22:58:23,WH238,SUP1589,5.08,96.5,3,94800.97,0.928,7.55,0.904,0.987,4.1,93.4,24704.76,60228.24,6.31,5261.05,1.05,4.9,0.9,2903.98,8.94,3.3,2025-10-04T23:50:43.162033
SCM83923,2025-06-14T23:51:46,WH952,SUP5230,9.36,97.8,10,51031.82,0.934,8.52,0.949,0.983,4.6,96.25,40467.07,27870.34,7.36,17171.52,1.37,4.0,0.85,6326.81,9.72,3.0,2025-10-04T23:50:43.162253
SCM35815,2025-02-25T21:39:21,WH460,SUP6383,7.3,98.55,10,92721.59,0.94,6.08,0.938,0.965,3.9,86.84,28201.24,81626.83,11.66,5863.55,1.43,4.1,1.64,8905.25,23.81,4.1,2025-10-04T23:50:43.162387
SCM63275,2025-04-18T16:34:55,WH684,SUP2515,10.8,96.31,1,65408.54,0.963,4.41,0.935,0.961,4.0,95.4,23404.84,49326.74,9.88,9711.77,0.68,4.1,2.15,8309.93,23.91,3.6,2025-10-04T23:50:43.162549
SCM75824,2025-06-21T09:40:41,WH807,SUP6359,5.67,95.54,7,92627.73,0.973,4.36,0.953,0.972,4.1,86.51,18225.79,92598.14,10.04,16041.19,1.55,4.4,2.19,4055.24,22.79,3.0,2025-10-04T23:50:43.162716
SCM27731,2025-01-31T06:25:56,WH770,SUP2276,9.09,97.32,2,25540.79,0.946,5.67,0.89,0.967,4.7,88.36,44044.89,16229.44,7.15,6297.9,1.47,4.5,2.45,6511.04,18.72,4.5,2025-10-04T23:50:43.162845
SCM87678,2025-05-31T23:24:56,WH586,SUP9236,10.63,96.78,10,66152.46,0.941,7.43,0.931,0.967,4.7,88.22,14938.53,64968.51,7.84,13068.92,1.6,4.7,0.78,1852.14,5.99,4.6,2025-10-04T23:50:43.162971
SCM66266,2025-04-13T17:48:43,WH740,SUP9098,9.63,95.53,7,40797.29,0.98,3.04,0.89,0.958,4.8,96.37,10348.37,12897.4,8.88,13519.62,0.15,4.6,1.82,4756.99,12.93,3.6,2025-10-04T23:50:43.163120
SCM36624,2025-01-27T03:39:10,WH975,SUP9704,7.87,98.65,2,38596.8,0.936,3.91,0.929,0.952,4.0,86.46,48812.29,79341.56,8.12,11197.46,1.08,4.9,1.49,9802.54,19.72,4.2,2025-10-04T23:50:43.163270
SCM72232,2025-04-09T13:14:55,WH904,SUP6390,6.8,98.23,6,75834.0,0.967,4.73,0.945,0.957,4.2,88.04,36186.66,29160.68,7.37,7552.61,1.79,4.1,2.02,3672.54,8.45,3.4,2025-10-04T23:50:43.163399
SCM72771,2025-06-09T18:47:42,WH981,SUP2133,4.08,97.56,3,33198.37,0.936,7.57,0.881,0.979,3.6,95.46,33792.68,81111.74,6.72,11752.3,0.6,4.6,0.77,7811.95,19.29,4.4,2025-10-04T23:50:43.163532
SCM91826,2025-04-17T03:33:40,WH442,SUP1882,9.81,96.18,1,33981.74,0.972,3.51,0.926,0.969,4.0,94.35,21251.33,74330.44,6.76,10404.04,0.48,4.4,2.16,2296.99,15.19,4.7,2025-10-04T23:50:43.163645
SCM43581,2025-01-30T02:50:02,WH503,SUP4518,5.95,95.52,2,35028.62,0.932,5.41,0.903,0.96,3.8,89.65,7449.96,97322.99,8.76,10024.22,1.77,4.4,0.74,5389.01,8.95,4.7,2025-10-04T23:50:43.163756
SCM59344,2025-03-12T09:12:06,WH526,SUP5528,7.89,98.5,3,30887.11,0.943,6.03,0.913,0.979,3.7,85.78,48327.67,68929.65,8.06,7557.41,1.86,5.0,1.79,8143.84,13.07,4.3,2025-10-04T23:50:43.163885
SCM94439,2025-02-13T08:29:27,WH465,SUP3217,10.94,99.29,3,26537.64,0.95,4.73,0.897,0.96,4.7,97.25,31889.66,26441.27,11.75,9505.71,1.57,4.8,0.53,8258.65,18.83,3.9,2025-10-04T23:50:43.163999
SCM98055,2025-03-10T02:27:16,WH167,SUP4578,9.93,96.96,4,26833.73,0.975,2.82,0.916,0.985,4.0,93.88,36287.71,77228.04,7.14,4959.23,1.43,5.0,2.88,4427.91,5.35,4.2,2025-10-04T23:50:43.164110
SCM39373,2025-06-27T03:08:32,WH881,SUP3609,6.09,96.19,8,37786.89,0.968,6.09,0.956,0.974,4.6,88.05,47406.49,20305.04,11.61,8370.73,1.06,4.5,0.96,6398.43,5.8,3.6,2025-10-04T23:50:43.164222
SCM65215,2025-06-09T21:14:49,WH441,SUP4945,7.01,99.32,10,76771.07,0.953,4.69,0.929,0.958,3.8,85.65,11366.7,68195.96,7.61,12104.28,2.0,4.7,1.61,1794.91,16.5,4.7,2025-10-04T23:50:43.164335
SCM95727,2025-03-25T10:56:07,WH443,SUP9354,5.88,98.23,0,31211.52,0.929,3.69,0.967,0.983,4.5,92.1,12678.09,59307.25,6.06,7556.09,1.42,4.7,1.55,6833.57,12.94,4.6,2025-10-04T23:50:43.164449
SCM96357,2025-01-17T10:30:41,WH422,SUP1106,5.12,95.3,0,76798.99,0.963,4.7,0.946,0.96,4.1,90.9,15595.96,65877.61,6.15,3591.73,0.15,4.2,0.77,6555.78,11.61,4.5,2025-10-04T23:50:43.164579
SCM23910,2025-02-17T22:28:07,WH242,SUP7929,11.81,98.17,5,68544.96,0.959,5.31,0.901,0.981,4.2,94.84,7364.46,83866.27,11.17,16234.35,0.64,4.4,1.05,9226.03,11.44,3.2,2025-10-04T23:50:43.164719
SCM54244,2025-04-09T05:31:48,WH223,SUP5985,5.51,95.13,1,81736.27,0.964,6.16,0.899,0.978,4.5,94.28,35046.56,96084.15,6.14,9061.62,0.17,4.7,2.36,6772.56,22.3,3.9,2025-10-04T23:50:43.164841
SCM55395,2025-05-26T02:34:13,WH325,SUP6461,11.4,99.13,3,40326.59,0.95,8.85,0.927,0.974,3.7,92.59,9477.32,20097.47,10.63,4616.83,0.25,4.2,1.5,7122.46,13.19,4.9,2025-10-04T23:50:43.164959
SCM17093,2025-02-07T10:20:11,WH663,SUP7476,9.43,95.19,2,34019.08,0.978,6.42,0.966,0.985,4.7,92.83,24770.92,56590.85,7.66,9412.4,0.49,5.0,1.22,9442.48,23.78,4.6,2025-10-04T23:50:43.165074
SCM88514,2025-05-21T03:38:23,WH756,SUP7181,4.71,96.55,7,27675.41,0.947,9.76,0.946,0.951,4.6,87.05,42840.28,33307.47,9.51,2055.48,0.79,4.2,0.58,1990.85,5.58,3.8,2025-10-04T23:50:43.165201
SCM11668,2025-02-03T19:29:05,WH238,SUP2693,10.49,96.38,2,70675.59,0.977,9.14,0.918,0.958,4.3,91.52,19593.39,51314.23,8.82,13963.17,0.62,4.7,2.68,1271.31,5.24,3.7,2025-10-04T23:50:43.165408
SCM58717,2025-06-22T03:48:39,WH801,SUP7999,6.22,99.08,10,10788.46,0.941,7.23,0.886,0.98,3.7,96.5,19728.82,14084.89,8.78,16755.54,1.76,4.3,2.39,2107.84,13.66,4.9,2025-10-04T23:50:43.165580
SCM12390,2025-02-10T14:00:26,WH747,SUP1536,7.05,98.62,9,35709.15,0.935,3.93,0.952,0.965,4.0,92.77,37275.11,12640.02,11.73,13149.85,1.49,4.3,1.12,8126.04,22.66,4.4,2025-10-04T23:50:43.165926
SCM83118,2025-03-18T11:33:15,WH712,SUP1229,4.04,97.22,1,77418.31,0.949,2.85,0.901,0.984,4.9,86.97,34936.62,86164.13,10.83,8219.03,0.29,4.5,2.27,5201.28,5.69,4.3,2025-10-04T23:50:43.166126
SCM33142,2025-03-25T16:11:20,WH660,SUP1115,6.04,95.36,2,61430.01,0.937,7.01,0.934,0.973,4.3,90.3,19907.37,50443.2,7.86,3397.39,1.76,4.5,1.33,2193.99,5.56,3.2,2025-10-04T23:50:43.166249
SCM83156,2025-04-29T07:48:04,WH661,SUP6866,4.32,98.3,3,40602.57,0.938,5.95,0.913,0.979,3.8,85.65,33627.56,28863.65,6.54,7904.8,0.92,4.9,2.86,5004.27,10.23,3.9,2025-10-04T23:50:43.166375
SCM13620,2025-03-17T20:07:33,WH640,SUP5394,6.92,98.23,4,69609.55,0.962,5.35,0.952,0.976,3.6,91.39,10900.59,24548.81,6.73,13818.9,1.76,4.8,2.93,6168.93,16.6,3.0,2025-10-04T23:50:43.166532
SCM50759,2025-06-23T14:39:42,WH736,SUP7159,9.74,96.98,4,38116.78,0.92,7.48,0.962,0.977,4.9,85.49,40437.79,61964.2,8.8,16190.05,1.5,4.6,0.68,1502.3,12.38,4.5,2025-10-04T23:50:43.166699
SCM50252,2025-01-15T02:36:09,WH619,SUP7822,7.35,98.17,4,48007.4,0.926,6.09,0.89,0.95,4.8,85.26,40140.74,39650.69,7.5,15300.08,0.81,4.4,2.28,4600.27,21.9,3.4,2025-10-04T23:50:43.167227
SCM23103,2025-06-02T18:49:19,WH549,SUP4364,6.23,96.53,0,44003.28,0.987,4.1,0.886,0.95,3.8,91.99,24295.33,92544.55,8.84,17123.35,0.48,4.8,0.51,2355.44,10.98,4.4,2025-10-04T23:50:43.167642
SCM72513,2025-04-29T17:07:36,WH912,SUP3394,9.09,96.9,8,97443.31,0.953,8.89,0.892,0.963,3.8,87.28,10483.89,39595.36,10.45,4473.85,1.08,4.1,1.25,3519.14,5.03,3.6,2025-10-04T23:50:43.168753
SCM42429,2025-03-14T03:54:16,WH366,SUP9017,11.97,99.06,1,81164.93,0.954,9.29,0.935,0.963,3.5,97.5,18885.9,49375.49,7.84,3145.6,0.68,4.3,1.33,4656.21,24.41,4.4,2025-10-04T23:50:43.169014
SCM46881,2025-03-19T00:08:15,WH111,SUP3760,10.61,98.5,3,34872.96,0.963,7.17,0.935,0.956,4.4,90.49,38072.74,79685.07,11.32,4353.05,1.34,4.4,2.33,9539.19,8.11,3.5,2025-10-04T23:50:43.169189
SCM75385,2025-05-29T09:47:37,WH671,SUP3348,6.47,99.24,9,80566.9,0.975,7.42,0.895,0.962,4.9,90.74,5313.66,36325.65,8.48,19743.39,1.75,4.1,2.35,2374.37,16.74,4.3,2025-10-04T23:50:43.169340
SCM74912,2025-02-12T05:28:03,WH560,SUP5190,9.13,96.96,1,83650.0,0.932,2.94,0.888,0.954,3.6,97.38,9387.52,10858.78,9.97,11665.62,1.36,4.3,1.2,5000.38,6.92,3.8,2025-10-04T23:50:43.169519
SCM95445,2025-03-10T17:27:45,WH246,SUP9911,5.49,96.04,6,82423.18,0.948,9.21,0.951,0.984,3.5,96.7,36582.52,81172.0,6.8,13789.62,1.39,4.8,2.67,4904.09,18.97,3.5,2025-10-04T23:50:43.169656
SCM19597,2025-01-18T11:09:57,WH447,SUP5416,11.45,95.54,5,86542.66,0.955,7.79,0.929,0.962,4.5,95.8,22373.45,76371.75,11.22,14596.29,1.97,4.1,0.79,2494.06,14.45,4.0,2025-10-04T23:50:43.169773
SCM65200,2025-05-16T07:01:21,WH218,SUP1541,11.46,96.6,10,60699.54,0.921,8.33,0.941,0.964,4.9,96.75,39278.59,86301.46,8.6,11469.28,0.67,4.1,1.5,8950.87,16.02,4.5,2025-10-04T23:50:43.169889
SCM84085,2025-06-07T07:54:06,WH660,SUP3131,11.86,95.53,6,45748.35,0.985,3.92,0.958,0.977,4.3,85.31,37845.48,90371.85,7.31,3413.88,1.97,5.0,0.79,4543.52,21.04,4.6,2025-10-04T23:50:43.170006
SCM97883,2025-03-19T09:53:18,WH338,SUP8556,9.01,95.09,7,15672.68,0.943,5.11,0.906,0.978,4.0,96.83,32681.23,10131.22,8.71,7927.5,1.24,4.2,0.51,8358.66,22.57,3.2,2025-10-04T23:50:43.170120
SCM85913,2025-03-20T00:27:52,WH213,SUP8132,6.16,95.38,7,10172.57,0.937,6.52,0.943,0.979,4.5,87.49,39475.11,10256.4,8.16,17743.83,0.47,4.1,2.97,8537.07,24.83,3.6,2025-10-04T23:50:43.189094
SCM55608,2025-02-04T18:30:47,WH848,SUP3584,4.88,99.1,6,68010.2,0.983,6.88,0.894,0.958,4.2,90.15,5190.43,56090.79,11.59,10162.89,1.08,4.1,1.79,6840.35,13.09,4.0,2025-10-04T23:50:43.189295
SCM13542,2025-02-04T01:15:43,WH987,SUP8712,10.06,95.53,3,39116.33,0.973,6.45,0.953,0.954,4.0,92.24,40583.75,87505.07,9.38,12782.4,1.62,4.8,0.74,2386.89,17.94,4.3,2025-10-04T23:50:43.189534
SCM54238,2025-04-02T10:23:07,WH687,SUP6687,7.47,96.66,0,52032.53,0.959,7.18,0.898,0.967,4.8,93.03,17954.99,17008.11,6.74,6599.1,1.68,4.8,2.07,2652.04,6.48,5.0,2025-10-04T23:50:43.189688
SCM62876,2025-06-20T13:15:28,WH826,SUP6723,11.76,96.16,7,67867.32,0.984,2.98,0.962,0.973,3.6,90.4,26186.91,49210.06,9.95,10560.46,0.42,4.7,2.29,4842.69,5.62,3.3,2025-10-04T23:50:43.189813
SCM50771,2025-04-25T06:40:03,WH565,SUP4729,7.33,97.99,3,64097.31,0.948,4.73,0.918,0.979,3.6,97.33,6440.0,58125.46,10.35,11303.6,0.4,4.9,1.1,7718.61,17.57,4.4,2025-10-04T23:50:43.189950
SCM55138,2025-04-17T14:10:36,WH921,SUP8218,7.88,96.91,7,32980.76,0.965,3.77,0.961,0.986,3.9,87.26,40064.33,34980.13,11.09,19532.53,1.76,4.5,1.02,5027.54,20.94,3.9,2025-10-04T23:50:43.190069
SCM84132,2025-02-16T17:41:49,WH587,SUP2055,5.49,98.58,0,49071.87,0.934,6.17,0.948,0.952,3.7,97.42,42325.6,85412.47,7.46,17040.68,1.71,4.2,0.99,6410.9,6.03,3.2,2025-10-04T23:50:43.190198
SCM76710,2025-04-12T11:00:30,WH796,SUP9736,8.52,98.46,6,55465.0,0.958,8.64,0.905,0.961,4.6,90.06,31709.33,59619.0,7.44,14827.02,1.53,4.1,1.14,9039.56,16.89,3.4,2025-10-04T23:50:43.191440
SCM14403,2025-03-29T01:46:51,WH249,SUP1042,6.72,96.3,8,37696.11,0.924,8.63,0.913,0.961,4.6,90.48,28686.93,45777.77,8.86,6648.81,0.38,5.0,1.69,9681.13,22.05,4.0,2025-10-04T23:50:43.191610
SCM80921,2025-05-11T22:03:29,WH901,SUP5683,5.63,97.93,6,65143.09,0.931,3.87,0.891,0.981,4.7,92.55,6492.0,96908.53,8.62,8646.43,1.61,4.3,2.98,1823.05,24.94,3.3,2025-10-04T23:50:43.195167
SCM18054,2025-04-15T04:18:40,WH473,SUP7632,8.88,96.06,8,99992.63,0.942,8.61,0.959,0.954,4.1,94.26,48585.29,18404.56,6.11,17686.8,1.25,4.1,2.99,5862.35,23.48,3.4,2025-10-04T23:50:43.195633
SCM28977,2025-06-06T05:02:42,WH927,SUP5827,4.27,96.81,1,66775.34,0.976,6.38,0.941,0.984,4.6,96.59,32854.76,18760.71,7.13,17234.5,1.03,4.2,0.84,3841.04,10.86,4.7,2025-10-04T23:50:43.195771
SCM48370,2025-01-31T01:18:39,WH267,SUP1227,6.08,98.24,0,90243.54,0.96,2.7,0.916,0.986,4.7,93.8,43514.35,94071.92,6.42,9397.8,1.63,4.3,2.02,5159.13,21.83,4.8,2025-10-04T23:50:43.195900
SCM39294,2025-04-12T08:22:25,WH975,SUP3392,9.83,95.84,0,85986.3,0.957,6.14,0.945,0.988,4.7,90.73,16285.03,13742.63,9.22,5921.47,1.11,4.6,2.71,1767.82,10.62,4.8,2025-10-04T23:50:43.196028
SCM36643,2025-03-13T03:34:50,WH724,SUP3909,7.59,96.06,5,79015.3,0.97,2.63,0.952,0.989,4.3,97.9,40932.0,76374.13,6.27,15673.63,0.42,4.9,2.09,7834.99,10.4,3.9,2025-10-04T23:50:43.196195
SCM80168,2025-02-14T18:57:42,WH811,SUP7605,9.26,95.4,4,44965.75,0.983,9.83,0.93,0.951,4.6,97.64,41258.97,33201.0,9.85,13918.92,1.9,4.9,2.36,9345.3,16.23,4.3,2025-10-04T23:50:43.196318
SCM29012,2025-05-02T18:43:19,WH703,SUP1480,5.56,95.49,2,97839.83,0.97,7.68,0.958,0.978,4.9,87.89,25264.95,75890.88,9.43,6921.05,0.64,4.0,1.83,2683.01,18.51,4.4,2025-10-04T23:50:43.196458
SCM60513,2025-04-21T05:38:18,WH274,SUP4703,4.44,97.67,10,55832.16,0.949,3.66,0.954,0.954,4.5,91.63,48299.35,61419.96,10.05,10505.33,1.5,4.9,0.66,5550.43,20.39,4.4,2025-10-04T23:50:43.196591
SCM30055,2025-05-29T14:06:13,WH156,SUP2100,5.6,97.63,2,32860.67,0.923,3.89,0.92,0.968,4.9,96.27,34293.74,35772.46,6.03,4613.67,1.92,4.3,1.1,5771.81,14.43,3.5,2025-10-04T23:50:43.196734
SCM76469,2025-06-25T03:44:27,WH553,SUP7438,8.09,98.73,7,54503.02,0.981,8.85,0.921,0.965,4.7,86.71,9206.49,45328.08,8.87,18758.25,0.93,4.1,1.86,5168.88,7.5,3.0,2025-10-04T23:50:43.196851
SCM40086,2025-02-13T16:32:02,WH583,SUP5298,11.22,97.97,7,53940.95,0.931,2.51,0.901,0.983,4.7,92.4,28385.9,29659.34,6.1,10673.84,0.19,4.3,0.64,2942.92,19.3,3.6,2025-10-04T23:50:43.196963
SCM15484,2025-06-19T05:07:00,WH622,SUP8011,6.42,97.85,9,83323.81,0.968,9.6,0.896,0.956,3.9,97.74,12508.31,99740.79,11.82,4573.01,1.99,4.5,2.3,6940.25,23.69,4.1,2025-10-04T23:50:43.197106
SCM16481,2025-04-15T05:13:52,WH629,SUP8320,9.84,95.16,10,63185.82,0.951,9.85,0.958,0.973,4.7,91.04,33659.88,12429.48,10.03,7449.1,1.34,4.9,0.65,7760.36,7.67,4.5,2025-10-04T23:50:43.197216
SCM89788,2025-06-18T07:57:08,WH841,SUP7914,6.88,98.82,1,42857.53,0.989,6.34,0.964,0.985,5.0,96.88,48968.08,10405.27,10.61,12330.31,0.35,4.4,2.17,3663.39,6.79,4.3,2025-10-04T23:50:43.197333
SCM87084,2025-04-09T08:46:28,WH401,SUP7053,4.87,99.49,5,62961.78,0.983,7.61,0.893,0.965,4.6,95.89,25721.66,25131.47,10.7,5087.13,0.28,4.0,0.79,2700.12,12.56,4.1,2025-10-04T23:50:43.197441
SCM84138,2025-06-28T11:44:41,WH100,SUP4175,6.92,97.56,4,29914.37,0.974,6.7,0.924,0.959,4.3,92.58,16156.6,68148.99,6.08,10928.57,1.16,4.3,0.92,7135.48,12.22,3.2,2025-10-04T23:50:43.197553
SCM29060,2025-05-31T13:15:59,WH321,SUP1137,4.3,95.4,1,27494.49,0.978,4.77,0.934,0.98,4.1,96.87,14829.08,30862.01,7.06,17846.05,1.59,4.7,2.16,3952.46,8.98,4.8,2025-10-04T23:50:43.197665
SCM54475,2025-06-26T18:38:46,WH772,SUP7039,9.75,98.09,1,25318.45,0.981,4.23,0.925,0.962,4.3,93.19,39231.82,55598.94,10.38,14913.05,1.63,4.0,2.33,7924.24,22.83,4.4,2025-10-04T23:50:43.197791
SCM51793,2025-01-31T17:23:17,WH547,SUP9078,6.1,95.77,7,97345.78,0.935,4.96,0.952,0.982,4.3,93.17,49270.74,87745.07,6.17,6213.76,1.4,4.7,0.52,5001.8,24.54,3.5,2025-10-04T23:50:43.197901
SCM72030,2025-03-18T05:59:47,WH836,SUP3915,5.24,95.45,0,46288.43,0.923,7.69,0.948,0.98,3.7,90.51,46100.97,47322.22,8.58,6784.84,1.9,4.2,2.28,8306.82,23.16,3.1,2025-10-04T23:50:43.198012
SCM54074,2025-03-07T22:52:23,WH265,SUP5243,11.44,95.79,6,21084.7,0.969,9.55,0.938,0.967,4.1,85.79,9181.25,59134.87,9.77,2344.75,0.32,4.1,1.79,9457.97,17.53,3.1,2025-10-04T23:50:43.198124
SCM28008,2025-01-25T17:24:04,WH346,SUP2781,11.94,97.92,8,62940.72,0.988,3.84,0.947,0.969,4.0,92.11,42794.87,52888.08,9.04,17892.71,1.5,4.6,2.24,6488.47,5.73,4.0,2025-10-04T23:50:43.198237
SCM45178,2025-01-23T02:17:11,WH562,SUP7744,6.67,97.89,10,82448.36,0.945,7.65,0.895,0.966,4.8,91.82,6078.54,46650.31,9.73,5981.81,0.52,4.9,2.41,2061.27,14.03,3.2,2025-10-04T23:50:43.198369
SCM22788,2025-05-27T21:21:56,WH551,SUP7314,4.32,95.76,6,53759.06,0.947,4.21,0.95,0.984,4.5,93.66,21243.33,75964.79,9.29,19393.59,1.15,4.6,0.55,4490.21,19.21,3.3,2025-10-04T23:50:43.198502
SCM10564,2025-02-16T21:09:04,WH183,SUP6403,7.75,95.41,5,10395.95,0.953,9.71,0.946,0.968,3.6,87.75,25182.12,88849.56,10.74,17755.31,1.43,4.4,1.52,3794.26,24.67,3.4,2025-10-04T23:50:43.198649
SCM16473,2025-06-11T07:06:54,WH654,SUP5222,5.1,98.01,0,52298.16,0.925,7.32,0.943,0.972,3.9,97.64,11498.57,66881.97,11.52,13990.33,1.79,4.8,0.79,3108.85,6.14,3.1,2025-10-04T23:50:43.198785
SCM97420,2025-01-18T04:06:59,WH149,SUP4624,7.99,96.55,1,33323.68,0.953,9.55,0.896,0.971,4.5,87.18,14033.86,68206.66,6.77,3610.01,1.02,4.9,1.15,5115.92,18.51,3.7,2025-10-04T23:50:43.198906
SCM69173,2025-02-13T11:10:14,WH366,SUP9157,7.45,97.33,4,86267.63,0.928,7.98,0.884,0.966,4.0,92.97,25745.96,87933.27,9.0,14267.96,0.8,4.5,0.81,1623.66,19.95,3.7,2025-10-04T23:50:43.199105
SCM18321,2025-04-15T16:48:41,WH545,SUP1637,9.96,98.99,7,32361.95,0.975,3.95,0.94,0.967,4.3,85.68,21167.54,38881.9,9.43,14561.43,1.32,4.8,2.47,2006.66,22.88,3.6,2025-10-04T23:50:43.199226
SCM73500,2025-01-07T05:04:55,WH981,SUP9864,4.09,98.86,4,56294.3,0.98,2.11,0.959,0.975,4.8,91.98,22578.63,28725.0,7.21,10445.02,0.44,4.1,0.7,8120.68,7.24,3.9,2025-10-04T23:50:43.199342
SCM46646,2025-03-26T12:14:26,WH112,SUP5482,5.38,99.29,9,53099.45,0.974,2.86,0.904,0.973,4.4,87.65,45636.52,24519.14,11.42,2536.58,1.14,4.2,0.86,4051.18,9.91,3.9,2025-10-04T23:50:43.199454
SCM59051,2025-03-16T10:21:08,WH904,SUP2254,6.82,96.93,8,67319.6,0.941,3.57,0.913,0.955,5.0,87.26,19763.59,12380.91,6.64,12234.17,1.76,4.4,2.9,1562.28,6.5,4.5,2025-10-04T23:50:43.199579
SCM83882,2025-05-22T10:59:20,WH884,SUP7879,6.84,95.72,0,13572.97,0.978,4.86,0.928,0.968,4.4,91.08,9469.32,52430.52,11.15,9475.95,0.82,4.8,1.27,4867.88,18.13,4.4,2025-10-04T23:50:43.199710
SCM11191,2025-06-03T21:17:41,WH334,SUP6613,4.42,99.43,6,83590.29,0.948,7.49,0.918,0.956,4.3,85.41,5775.28,33723.26,7.74,10571.69,0.22,4.4,2.86,8634.27,20.15,4.8,2025-10-04T23:50:43.199834
SCM47696,2025-02-05T17:21:15,WH994,SUP2390,7.08,95.22,6,99562.06,0.964,5.03,0.957,0.97,4.6,87.22,12068.38,95329.32,9.15,8562.18,0.76,4.5,1.25,7058.47,13.5,3.8,2025-10-04T23:50:43.199957
SCM16604,2025-06-22T02:26:04,WH585,SUP8919,7.84,95.25,1,51519.28,0.986,8.49,0.913,0.971,4.3,97.87,47375.76,93056.74,6.92,2308.14,1.77,4.1,1.11,5994.99,14.27,3.1,2025-10-04T23:50:43.200073
SCM64170,2025-04-23T11:18:48,WH909,SUP8267,6.13,96.91,1,56548.44,0.962,4.37,0.908,0.962,4.9,88.89,37278.52,10806.32,11.61,5311.59,1.69,4.2,2.99,5824.66,11.18,4.9,2025-10-04T23:50:43.200212
SCM96187,2025-01-27T01:32:32,WH873,SUP2565,9.07,96.39,10,18437.57,0.986,3.83,0.908,0.965,4.2,92.31,25292.71,60509.21,10.56,13282.11,0.17,4.1,0.76,7555.42,24.55,3.9,2025-10-04T23:50:43.200370
SCM95179,2025-05-20T20:35:30,WH426,SUP5534,5.32,95.52,8,99745.6,0.948,4.18,0.919,0.966,4.0,85.82,32692.68,93233.45,6.19,6307.9,0.35,4.1,0.99,7447.83,16.98,3.2,2025-10-04T23:50:43.200572
SCM56358,2025-05-14T00:46:49,WH880,SUP2194,4.29,95.25,10,82528.98,0.985,5.3,0.969,0.975,4.4,94.73,11827.59,55088.17,8.47,3267.99,1.49,4.7,1.52,4067.57,5.99,3.6,2025-10-04T23:50:43.200709
SCM31038,2025-02-06T19:34:12,WH631,SUP8806,7.26,99.23,0,70215.92,0.954,2.49,0.912,0.983,4.3,87.67,11423.3,31038.77,10.79,16058.43,0.74,4.0,0.54,6483.36,23.78,4.6,2025-10-04T23:50:43.200844
SCM61476,2025-01-31T21:00:23,WH781,SUP5106,6.95,95.05,7,11876.99,0.947,3.82,0.944,0.963,3.9,89.55,26338.2,59380.76,9.27,13497.54,0.53,5.0,1.76,6197.89,14.38,3.3,2025-10-04T23:50:43.200965
SCM20424,2025-04-17T14:06:34,WH886,SUP2184,8.31,98.35,1,27000.8,0.958,3.21,0.885,0.954,4.5,88.81,19327.46,92855.81,9.74,3838.88,1.34,4.8,1.05,1682.41,14.93,4.4,2025-10-04T23:50:43.201081
SCM63069,2025-06-25T06:20:56,WH520,SUP9636,5.89,98.58,0,28525.08,0.932,4.12,0.961,0.954,4.4,92.09,10718.44,26699.16,10.44,17227.07,1.14,4.7,1.03,1700.98,9.55,5.0,2025-10-04T23:50:43.201199
SCM51497,2025-03-25T17:48:30,WH672,SUP1288,4.34,99.17,0,62056.58,0.977,3.48,0.963,0.984,4.3,91.11,21325.86,31685.94,6.36,2890.48,1.34,4.1,1.37,4637.52,15.93,4.7,2025-10-04T23:50:43.201351
SCM66567,2025-01-02T07:09:59,WH993,SUP7738,4.87,97.12,1,90807.62,0.964,5.26,0.886,0.955,3.8,87.3,16813.92,59270.28,7.55,4326.14,1.4,4.0,1.31,7556.36,16.72,4.6,2025-10-04T23:50:43.201484
SCM16646,2025-06-04T02:13:48,WH104,SUP4333,6.04,97.09,1,84414.26,0.92,8.77,0.924,0.966,3.7,88.92,8587.97,81260.06,8.88,16700.72,1.79,4.9,0.54,9860.98,8.46,4.2,2025-10-04T23:50:43.201614
SCM95008,2025-02-20T19:23:39,WH232,SUP8354,9.35,98.99,10,16201.97,0.941,9.23,0.969,0.963,3.6,97.64,9372.23,62658.3,10.14,4742.84,0.57,4.4,0.91,9162.64,10.73,4.2,2025-10-04T23:50:43.201738
SCM28481,2025-04-01T14:18:23,WH509,SUP5760,5.63,98.39,4,61794.01,0.952,5.86,0.94,0.985,4.4,87.5,46762.02,13999.1,11.97,17342.91,1.64,4.5,1.1,8555.9,24.88,4.2,2025-10-04T23:50:43.201868
SCM13583,2025-06-16T13:11:43,WH522,SUP5573,6.54,96.85,2,85477.78,0.99,7.03,0.943,0.954,3.7,91.23,20197.09,85989.9,10.23,17422.93,1.84,4.3,2.19,6091.51,24.23,3.9,2025-10-04T23:50:43.201994
SCM50125,2025-02-05T11:58:20,WH498,SUP4854,6.34,95.97,8,72763.94,0.946,4.81,0.893,0.956,3.9,96.49,49578.44,70278.07,10.21,4010.38,0.21,4.3,1.16,4069.92,23.73,3.4,2025-10-04T23:50:43.202122
SCM10659,2025-02-24T20:41:58,WH414,SUP8758,9.44,95.82,5,92909.04,0.983,4.69,0.944,0.951,3.5,87.55,15643.07,78875.99,8.44,18245.66,1.91,4.9,2.22,4154.88,5.3,3.2,2025-10-04T23:50:43.202294
SCM40215,2025-04-15T20:25:52,WH757,SUP1853,8.36,97.7,6,93544.39,0.923,5.55,0.902,0.965,4.6,96.05,40247.01,79504.02,9.83,2470.05,1.05,5.0,0.91,3427.18,18.46,3.4,2025-10-04T23:50:43.202440
SCM16051,2025-05-30T14:34:07,WH765,SUP4960,9.15,96.46,10,36558.13,0.981,2.16,0.926,0.974,4.5,93.35,13750.25,87258.96,6.95,19064.5,0.65,4.0,1.75,9065.52,8.54,3.5,2025-10-04T23:50:43.202574
SCM33992,2025-05-19T07:29:08,WH919,SUP8728,10.73,97.97,5,26253.25,0.971,9.48,0.927,0.977,3.7,94.12,39025.86,11294.09,11.95,8833.62,0.59,4.9,2.34,8918.34,10.63,4.0,2025-10-04T23:50:43.202697
SCM19616,2025-04-04T06:59:53,WH125,SUP7383,7.0,95.38,9,31328.12,0.974,3.81,0.911,0.985,4.4,95.2,49502.89,77829.68,8.43,9317.0,1.26,4.8,2.91,8563.47,9.23,3.1,2025-10-04T23:50:43.202821
SCM80201,2025-04-24T15:33:50,WH460,SUP8770,6.1,98.45,8,19986.82,0.948,8.42,0.89,0.974,3.7,95.93,43335.82,24143.42,11.06,8035.64,0.36,4.7,2.62,2887.36,14.17,4.8,2025-10-04T23:50:43.202942
SCM56347,2025-04-09T14:07:43,WH649,SUP5941,7.17,97.9,3,15969.54,0.924,3.32,0.965,0.951,4.1,89.57,41566.46,77038.39,10.55,2850.91,1.53,4.5,2.24,7176.62,16.73,4.9,2025-10-04T23:50:43.203063
SCM33782,2025-03-20T21:40:56,WH596,SUP9815,6.61,96.68,2,49654.83,0.949,8.21,0.903,0.962,4.6,86.77,21966.34,39654.48,6.27,16275.19,0.42,4.9,2.03,5406.84,8.02,4.5,2025-10-04T23:50:43.203188
SCM63382,2025-06-08T19:09:55,WH665,SUP4945,4.44,96.49,9,57832.18,0.925,5.04,0.931,0.967,4.0,87.76,17490.55,95760.37,11.82,19583.64,0.39,4.0,0.62,4064.37,20.41,3.6,2025-10-04T23:50:43.203303
SCM34712,2025-03-02T18:05:44,WH901,SUP8488,5.78,95.63,2,65311.51,0.964,9.66,0.956,0.973,4.7,89.11,6963.26,70646.63,7.44,18547.48,1.21,4.6,2.83,7818.07,8.01,4.6,2025-10-04T23:50:43.203424
SCM43188,2025-04-24T00:59:12,WH271,SUP1610,7.84,96.8,8,80324.86,0.932,8.92,0.957,0.961,4.5,92.16,46601.12,42966.7,10.77,18453.46,0.54,4.5,1.61,2029.53,10.7,4.5,2025-10-04T23:50:43.203537
SCM98946,2025-01-13T01:31:32,WH665,SUP9476,7.45,98.85,2,30104.83,0.929,7.99,0.918,0.981,4.9,89.97,15766.02,77305.96,8.98,8767.57,1.47,5.0,2.35,8870.04,17.76,3.6,2025-10-04T23:50:43.203645
SCM32394,2025-05-31T05:38:02,WH267,SUP5234,5.15,97.6,1,55922.16,0.921,7.45,0.886,0.955,3.9,94.17,20856.35,89652.19,8.68,7545.91,1.16,4.6,1.62,5459.67,20.83,3.3,2025-10-04T23:50:43.203755
SCM12028,2025-02-14T02:50:45,WH446,SUP5979,7.53,95.34,1,25456.31,0.979,9.57,0.892,0.964,4.1,94.34,8457.78,34931.32,11.0,3042.2,0.71,4.6,0.68,2920.56,14.16,4.8,2025-10-04T23:50:43.203878
SCM76527,2025-06-16T15:07:30,WH484,SUP7197,6.32,95.16,10,76684.61,0.951,9.4,0.88,0.959,4.5,97.87,19115.5,52062.28,9.16,17430.52,0.19,4.5,1.63,8394.13,17.95,4.4,2025-10-04T23:50:43.204021
SCM30535,2025-06-28T06:04:58,WH912,SUP4334,10.65,95.14,7,97821.71,0.954,7.52,0.898,0.97,3.7,95.6,10170.67,48702.57,7.59,12313.3,1.15,4.8,0.96,6535.74,17.06,3.2,2025-10-04T23:50:43.204258
SCM54841,2025-02-26T15:31:43,WH921,SUP9577,7.82,98.3,2,21841.96,0.977,2.3,0.911,0.958,4.7,89.58,7007.44,26258.69,7.59,13327.14,0.24,4.1,1.8,3165.12,20.4,3.7,2025-10-04T23:50:43.204491
SCM22603,2025-02-27T01:13:14,WH207,SUP2764,7.91,97.54,1,42022.52,0.94,6.36,0.891,0.977,4.4,88.33,21425.48,31037.66,6.35,13623.86,1.05,4.6,1.68,9278.93,6.68,4.6,2025-10-04T23:50:43.204623
SCM76775,2025-03-28T19:25:00,WH792,SUP7176,10.12,99.43,2,43311.96,0.932,2.41,0.903,0.983,3.6,89.42,17252.44,15961.51,11.98,18826.24,0.23,4.9,1.48,4088.73,12.27,3.0,2025-10-04T23:50:43.204740
SCM19951,2025-01-09T17:55:19,WH905,SUP1542,8.92,96.47,6,50622.53,0.982,2.79,0.943,0.967,4.6,92.38,22287.32,99715.65,8.49,19952.48,1.63,4.9,1.02,7326.35,16.96,4.2,2025-10-04T23:50:43.204851
SCM16421,2025-02-03T09:59:03,WH293,SUP9004,5.17,99.02,3,61270.73,0.963,3.79,0.916,0.983,4.5,96.38,14697.57,96428.9,6.97,12720.12,0.36,4.4,2.33,3830.08,24.24,3.3,2025-10-04T23:50:43.204966
SCM49440,2025-06-17T11:11:33,WH566,SUP2601,4.64,98.23,6,51568.11,0.972,6.09,0.893,0.964,5.0,88.44,39582.05,20278.56,9.19,15482.37,1.36,4.9,2.75,9847.83,5.71,3.4,2025-10-04T23:50:43.205079
SCM94775,2025-02-20T18:07:20,WH688,SUP7056,6.02,97.9,6,25203.16,0.978,8.32,0.897,0.988,4.0,93.94,29682.07,10316.78,7.04,9653.76,0.8,4.7,2.71,1771.15,16.7,3.3,2025-10-04T23:50:43.205198
SCM72249,2025-01-03T16:09:59,WH879,SUP4542,6.37,96.94,1,55480.46,0.984,2.9,0.894,0.952,3.9,93.56,40136.67,89933.09,10.56,4879.11,0.77,4.6,1.15,9778.02,9.79,3.8,2025-10-04T23:50:43.205320
SCM65212,2025-06-26T05:53:10,WH234,SUP5761,4.11,95.24,5,46293.22,0.965,2.28,0.885,0.987,3.9,93.11,29889.57,70110.86,9.02,12943.06,1.56,4.8,2.61,9701.51,23.27,4.1,2025-10-04T23:50:43.205445
SCM22000,2025-04-27T21:16:16,WH713,SUP5351,8.86,96.41,0,58982.04,0.989,8.31,0.931,0.97,4.6,95.05,32618.4,42409.58,6.94,12838.69,1.05,4.6,1.81,4142.54,9.52,3.1,2025-10-04T23:50:43.205556
SCM83379,2025-02-02T13:09:15,WH643,SUP9151,11.54,95.67,2,33516.68,0.922,9.66,0.916,0.968,4.9,95.92,33100.5,91388.17,9.12,10986.62,0.21,4.1,1.91,7503.99,14.04,4.2,2025-10-04T23:50:43.205708
SCM94392,2025-03-24T01:34:05,WH226,SUP2935,5.14,98.52,8,14461.06,0.968,9.46,0.891,0.981,4.5,95.44,28125.58,73947.72,11.7,9706.61,0.69,4.8,2.19,9772.2,5.93,4.7,2025-10-04T23:50:43.205842
SCM95987,2025-03-23T03:49:16,WH813,SUP7865,10.81,99.43,2,32400.46,0.965,3.86,0.88,0.983,3.7,94.22,28153.16,82837.97,8.62,3485.03,0.79,4.6,1.9,1219.96,18.89,3.9,2025-10-04T23:50:43.205961
SCM13567,2025-03-31T17:56:07,WH860,SUP5712,7.7,95.87,7,16620.97,0.964,6.29,0.932,0.959,4.7,87.7,9731.73,69927.54,10.49,18174.99,1.91,4.6,1.02,1020.97,12.96,3.6,2025-10-04T23:50:43.206076
SCM69484,2025-04-04T14:37:56,WH445,SUP1684,7.87,95.33,2,28054.1,0.925,5.21,0.924,0.955,3.7,87.43,39055.49,63603.02,9.58,18784.0,0.62,4.6,1.75,7873.06,24.29,4.0,2025-10-04T23:50:43.206188
SCM60824,2025-01-08T19:53:08,WH354,SUP6766,6.73,96.95,2,63453.95,0.983,8.71,0.934,0.957,3.5,96.23,16839.3,24817.86,6.6,5362.19,1.0,5.0,1.86,4960.16,9.01,3.2,2025-10-04T23:50:43.206300
SCM66022,2025-06-12T17:24:58,WH403,SUP3624,8.5,96.73,8,10153.41,0.951,6.55,0.895,0.95,4.8,95.91,15561.31,92024.78,9.39,18366.87,1.98,4.7,2.64,9087.62,9.4,4.3,2025-10-04T23:50:43.206412
SCM18318,2025-02-11T10:12:51,WH742,SUP3143,7.14,98.36,2,94560.33,0.965,8.63,0.929,0.985,4.7,90.05,11876.95,94883.86,8.48,17582.36,1.35,4.3,2.2,1749.54,5.98,4.8,2025-10-04T23:50:43.206528
SCM58476,2025-01-26T13:21:24,WH999,SUP5292,10.16,96.92,7,39996.73,0.952,6.57,0.898,0.986,4.7,92.36,11509.06,94435.96,8.23,14379.1,0.95,4.5,1.24,5547.77,17.45,3.7,2025-10-04T23:50:43.206645
SCM73631,2025-03-25T01:44:49,WH755,SUP5515,9.37,98.93,1,46219.71,0.962,7.81,0.916,0.972,4.5,97.15,16845.91,77173.85,8.85,6800.32,0.84,4.2,0.72,7478.93,13.51,5.0,2025-10-04T23:50:43.206756
SCM11815,2025-04-26T20:34:20,WH965,SUP6573,8.04,98.4,4,79022.5,0.984,2.66,0.883,0.989,4.3,93.4,33532.93,17577.61,11.74,3054.96,1.12,5.0,2.35,6090.28,14.21,3.4,2025-10-04T23:50:43.206865
SCM48686,2025-01-26T19:15:55,WH850,SUP3221,8.34,95.26,6,61321.57,0.954,7.57,0.936,0.964,4.5,91.54,23077.16,65437.44,7.67,2336.65,1.28,4.6,1.18,3953.81,11.61,4.3,2025-10-04T23:50:43.206977
SCM67686,2025-01-13T23:25:35,WH128,SUP2884,9.18,96.18,2,92868.86,0.938,4.44,0.93,0.964,4.5,95.5,46095.18,55931.42,10.45,10305.03,1.08,4.6,2.43,6969.01,11.43,4.0,2025-10-04T23:50:43.207088
SCM70649,2025-03-13T22:51:52,WH327,SUP1664,6.32,96.27,3,99481.68,0.953,3.49,0.937,0.967,4.5,88.21,35506.99,77549.45,11.9,17565.21,0.85,4.7,1.7,3538.15,24.35,4.1,2025-10-04T23:50:43.207199
SCM24915,2025-05-30T14:05:32,WH235,SUP9140,4.58,96.84,9,55258.71,0.939,5.11,0.936,0.953,4.8,91.81,26847.15,34811.79,9.86,8579.95,0.74,4.1,0.79,4414.72,23.84,3.2,2025-10-04T23:50:43.207316
SCM70111,2025-03-08T05:07:49,WH966,SUP5223,11.33,99.21,6,49404.43,0.921,5.18,0.902,0.977,4.6,93.87,29588.91,31123.45,10.3,11920.66,1.1,4.5,1.26,4750.72,16.4,3.2,2025-10-04T23:50:43.207423
SCM53220,2025-04-16T11:22:44,WH350,SUP3492,5.45,96.3,3,62639.08,0.989,8.69,0.955,0.964,4.0,85.85,8082.8,38838.65,7.76,13276.34,1.08,4.3,1.81,1004.32,10.65,4.5,2025-10-04T23:50:43.207536
SCM90680,2025-02-01T19:08:59,WH403,SUP2490,4.92,97.28,0,64996.11,0.934,5.59,0.97,0.95,4.9,87.75,36180.78,69716.04,8.3,14637.06,0.69,4.4,0.71,9904.86,20.68,3.5,2025-10-04T23:50:43.207647
SCM35972,2025-03-24T03:56:48,WH790,SUP5249,4.13,95.41,1,45338.05,0.967,5.45,0.933,0.958,3.8,92.17,18579.16,54924.35,11.0,11507.26,0.47,4.9,1.54,4304.27,5.99,3.3,2025-10-04T23:50:43.207759
SCM21374,2025-04-11T01:49:47,WH573,SUP7656,5.17,97.76,6,27054.29,0.946,5.41,0.899,0.97,4.1,89.22,46942.77,69293.2,10.62,12451.47,0.44,4.7,1.21,5099.03,10.78,4.4,2025-10-04T23:50:43.207867
SCM11513,2025-06-19T01:14:37,WH644,SUP4590,10.82,95.48,4,34228.78,0.989,4.45,0.945,0.969,4.2,97.33,25350.56,12285.09,9.13,14959.6,0.81,4.1,1.69,4393.68,23.95,3.4,2025-10-04T23:50:43.207977
SCM63403,2025-01-03T08:38:41,WH428,SUP2598,10.21,96.76,2,58586.39,0.935,7.95,0.884,0.957,3.9,96.96,37407.83,33635.24,11.87,8477.18,0.58,4.5,1.7,2229.48,20.16,4.9,2025-10-04T23:50:43.208091
SCM79490,2025-06-04T06:46:07,WH511,SUP5524,7.94,99.01,0,28669.64,0.956,4.28,0.966,0.96,4.0,93.76,47676.68,58548.87,6.77,5668.66,0.61,4.2,2.71,4402.56,7.57,4.9,2025-10-04T23:50:43.208198
SCM65898,2025-06-08T12:18:08,WH564,SUP2951,4.03,96.55,8,74116.64,0.934,8.96,0.919,0.977,4.3,90.52,33399.95,26951.29,10.27,12994.34,1.91,4.1,2.52,4917.01,17.38,3.2,2025-10-04T23:50:43.213682
SCM19912,2025-05-18T22:47:47,WH798,SUP1957,6.26,95.23,5,33791.93,0.967,8.92,0.918,0.968,4.0,91.48,33320.52,95454.36,8.2,19952.6,1.99,5.0,1.8,3237.15,12.51,4.9,2025-10-04T23:50:43.213892
SCM30722,2025-03-01T19:31:54,WH143,SUP4721,7.95,97.63,5,64578.82,0.974,8.45,0.918,0.958,3.7,85.19,10920.68,40380.99,9.94,8550.35,1.42,4.3,0.83,3906.05,13.49,3.3,2025-10-04T23:50:43.214034
SCM96709,2025-02-20T05:09:15,WH558,SUP9215,5.55,97.58,1,22048.19,0.985,7.76,0.885,0.963,3.9,91.39,44362.97,63570.1,6.79,19165.3,0.26,4.2,2.66,3888.79,16.55,3.8,2025-10-04T23:50:43.214164
SCM73690,2025-06-14T11:38:24,WH247,SUP4973,9.64,99.13,10,72824.25,0.931,8.42,0.883,0.957,3.5,85.93,15880.61,65171.56,10.63,6640.98,1.14,4.5,2.91,6029.7,11.98,4.7,2025-10-04T23:50:43.214291
SCM55266,2025-02-16T08:57:25,WH950,SUP5406,4.9,98.0,9,13589.13,0.951,9.71,0.886,0.952,3.9,95.66,33850.24,83308.74,8.72,6610.37,0.94,4.1,0.79,5669.75,20.34,4.5,2025-10-04T23:50:43.214439
SCM58929,2025-03-17T05:48:10,WH389,SUP3782,7.36,95.94,7,51282.68,0.972,7.74,0.901,0.951,4.8,97.67,12533.77,41315.25,9.02,7304.35,1.89,4.8,1.73,2826.66,14.09,4.7,2025-10-04T23:50:43.214569
SCM16470,2025-04-30T20:45:31,WH970,SUP3085,5.19,95.94,4,24415.28,0.964,9.08,0.943,0.963,4.5,92.08,16613.23,58980.01,7.0,10172.86,0.79,4.5,2.16,4303.86,21.3,4.5,2025-10-04T23:50:43.214699
SCM57450,2025-05-17T01:59:39,WH934,SUP8275,9.44,97.41,1,15564.0,0.931,6.33,0.901,0.956,3.7,90.37,32599.54,60195.37,9.37,6315.09,0.42,5.0,1.11,8940.86,19.6,4.1,2025-10-04T23:50:43.214826
SCM49978,2025-04-13T14:32:17,WH364,SUP8320,8.73,95.78,1,97192.17,0.942,7.49,0.959,0.973,5.0,89.35,14177.1,70415.93,6.63,9549.93,1.72,4.9,2.25,4352.84,21.06,4.6,2025-10-04T23:50:43.214959
SCM92938,2025-06-14T00:18:29,WH246,SUP5727,6.73,95.74,2,22705.5,0.931,2.91,0.922,0.977,4.4,94.06,35328.05,16803.92,9.41,4777.12,1.38,4.2,0.94,8202.84,7.74,3.2,2025-10-04T23:50:43.215106
SCM89941,2025-05-14T06:55:49,WH866,SUP3706,8.85,95.12,2,53393.29,0.982,7.9,0.95,0.987,5.0,92.84,31914.75,22590.21,7.3,8848.49,1.33,5.0,2.85,4396.24,11.71,3.1,2025-10-04T23:50:43.215270
SCM85995,2025-05-03T21:21:24,WH304,SUP3817,5.35,97.72,1,78644.62,0.938,3.29,0.916,0.972,4.0,88.29,11651.86,34199.22,9.18,16384.56,0.16,4.6,1.47,4084.95,9.99,4.3,2025-10-04T23:50:43.215420
SCM51114,2025-06-10T22:56:31,WH967,SUP8981,7.56,95.24,2,52059.84,0.921,4.45,0.926,0.955,4.5,95.19,49199.62,22317.94,8.32,17228.5,1.83,4.6,2.84,1840.43,12.76,3.4,2025-10-04T23:50:43.215566
SCM93509,2025-04-23T09:29:39,WH445,SUP3433,10.79,97.93,9,64609.47,0.92,6.56,0.897,0.962,3.8,87.27,10831.78,49136.76,10.93,13093.4,0.16,4.7,2.21,2493.42,17.47,3.6,2025-10-04T23:50:43.215755
SCM35756,2025-04-18T10:52:03,WH912,SUP9041,11.47,97.38,5,35796.31,0.942,3.83,0.928,0.967,4.4,97.75,12517.39,55723.94,10.89,7667.11,1.61,4.5,0.74,2859.13,10.47,3.2,2025-10-04T23:50:43.215906
SCM25433,2025-01-24T10:42:58,WH387,SUP8152,9.56,97.1,3,67256.69,0.942,2.34,0.912,0.98,3.7,97.21,25034.34,46579.82,8.93,9931.45,1.89,4.2,0.74,2689.36,12.6,4.1,2025-10-04T23:50:43.216019
SCM69672,2025-06-03T05:56:18,WH124,SUP6747,4.89,96.95,1,51890.76,0.981,3.41,0.921,0.977,4.5,91.62,31382.9,12575.57,7.47,6296.38,0.44,4.8,1.94,6723.72,23.62,4.3,2025-10-04T23:50:43.216135
SCM90005,2025-02-13T09:47:56,WH916,SUP1698,10.18,98.54,0,29339.65,0.977,6.46,0.92,0.958,4.2,94.44,36971.28,46021.89,10.77,7954.12,1.82,4.1,2.64,8356.27,7.66,3.2,2025-10-04T23:50:43.216256
SCM90157,2025-06-05T00:22:10,WH697,SUP1107,8.51,97.25,0,10989.58,0.933,7.35,0.91,0.967,4.3,87.32,16387.83,88274.85,8.83,2621.32,0.83,4.1,2.18,5563.75,11.6,4.3,2025-10-04T23:50:43.234799
SCM24538,2025-05-21T05:20:49,WH375,SUP8375,9.61,98.3,4,16616.73,0.951,9.11,0.927,0.954,4.6,92.97,24193.65,34179.39,8.24,9824.04,0.54,4.0,0.8,8833.72,8.83,4.2,2025-10-04T23:50:43.235161
SCM78612,2025-05-07T05:57:57,WH794,SUP4155,4.36,96.54,9,71169.71,0.927,6.68,0.965,0.964,3.9,90.55,38635.6,56063.72,7.36,10394.06,0.43,4.3,0.73,7640.72,14.12,3.4,2025-10-04T23:50:43.235384
SCM18020,2025-06-27T23:27:16,WH383,SUP3790,10.68,97.9,8,47003.08,0.988,8.4,0.909,0.957,3.7,87.59,47147.09,25376.99,6.59,9229.73,1.22,4.4,1.16,9479.73,10.07,3.3,2025-10-04T23:50:43.235541
SCM33219,2025-04-25T18:06:09,WH900,SUP8339,6.83,98.97,7,81354.23,0.987,4.49,0.954,0.978,3.9,96.21,15030.42,81136.16,11.91,8149.58,0.71,4.5,1.87,1965.77,10.08,4.7,2025-10-04T23:50:43.235683
SCM65052,2025-01-10T08:39:04,WH995,SUP9479,6.95,95.33,0,76079.51,0.967,7.36,0.899,0.962,4.9,96.1,8010.81,53421.56,10.68,12482.63,1.29,4.8,1.65,9297.3,12.92,3.9,2025-10-04T23:50:43.235821
SCM55405,2025-03-31T16:21:21,WH701,SUP1290,5.47,96.7,5,13441.3,0.942,4.41,0.936,0.965,4.6,92.16,49429.59,59676.37,7.76,6317.05,0.28,4.3,1.19,1201.52,14.26,4.7,2025-10-04T23:50:43.235984
SCM33914,2025-03-02T22:19:35,WH765,SUP1318,9.26,97.32,1,18895.85,0.944,2.31,0.882,0.987,3.8,96.05,17623.99,70764.12,7.58,4791.8,1.47,4.8,2.74,5928.74,8.53,4.1,2025-10-04T23:50:43.236108
SCM69941,2025-04-22T07:54:33,WH565,SUP2908,11.8,97.11,8,74875.65,0.965,7.98,0.899,0.955,3.8,89.4,49555.88,88527.12,6.42,15370.5,0.98,4.7,1.67,2246.98,7.25,4.3,2025-10-04T23:50:43.236232
SCM13267,2025-03-27T22:52:46,WH720,SUP1973,8.33,98.94,0,87279.35,0.934,3.71,0.903,0.97,3.6,93.26,8483.84,61741.17,8.57,19775.65,1.8,4.9,2.51,3497.46,13.48,3.7,2025-10-04T23:50:43.236345
SCM69496,2025-03-17T07:22:13,WH619,SUP3952,6.5,99.43,8,79910.36,0.982,9.96,0.969,0.989,3.9,90.98,43404.59,20558.43,8.32,2082.7,1.89,4.2,0.8,6626.06,22.54,3.3,2025-10-04T23:50:43.236455
SCM15410,2025-01-21T07:12:28,WH605,SUP1713,5.29,96.22,10,31644.83,0.97,6.56,0.918,0.968,4.9,94.81,45254.18,35027.94,7.88,4997.52,1.05,4.6,1.2,6511.06,19.59,3.5,2025-10-04T23:50:43.236575
SCM40555,2025-05-10T08:56:13,WH998,SUP5009,11.24,97.97,9,73569.31,0.96,3.75,0.955,0.953,4.8,93.91,40010.19,29762.9,6.16,16875.42,0.44,4.0,0.75,8875.19,5.82,3.4,2025-10-04T23:50:43.236700
SCM65913,2025-05-05T11:51:56,WH252,SUP8059,8.62,95.93,1,36217.57,0.947,8.47,0.91,0.977,4.9,94.57,14803.52,49200.06,9.42,5369.07,0.4,4.3,1.6,9803.52,23.92,4.2,2025-10-04T23:50:43.236811
SCM17387,2025-02-06T07:29:16,WH175,SUP2988,11.15,96.85,3,11629.64,0.982,4.02,0.927,0.96,3.6,97.94,14695.69,29819.93,9.36,12768.33,1.65,4.4,1.54,3842.02,7.59,3.5,2025-10-04T23:50:43.236923
SCM79949,2025-05-06T01:44:34,WH885,SUP6248,6.99,99.23,6,86180.38,0.952,2.02,0.96,0.958,4.0,95.38,46500.62,92147.5,9.38,11192.27,1.88,4.6,1.49,3687.85,9.13,4.5,2025-10-04T23:50:43.237170
SCM10917,2025-03-01T23:09:52,WH505,SUP2896,8.1,95.81,5,23171.58,0.962,9.84,0.943,0.965,3.9,87.58,42128.59,19734.73,8.83,13817.07,0.18,5.0,1.03,5267.77,20.63,3.9,2025-10-04T23:50:43.237656
SCM22456,2025-03-16T23:05:41,WH146,SUP2439,8.14,95.11,7,76393.09,0.921,5.09,0.892,0.951,4.3,95.19,48024.07,47224.67,9.55,4605.28,0.67,4.7,1.52,2164.6,18.47,4.8,2025-10-04T23:50:43.237793
SCM36649,2025-01-02T16:37:03,WH918,SUP7285,10.35,95.0,10,45213.2,0.974,6.54,0.933,0.989,3.5,94.97,15638.06,50940.54,11.33,5096.05,1.28,4.7,2.36,3195.59,15.61,3.2,2025-10-04T23:50:43.237916
SCM64090,2025-06-26T22:43:46,WH848,SUP7166,7.19,97.3,7,36955.19,0.942,5.81,0.962,0.973,4.0,95.36,38643.43,22239.31,7.76,8316.17,0.56,4.0,1.99,3632.96,15.31,4.0,2025-10-04T23:50:43.238049
SCM53388,2025-04-28T03:50:17,WH482,SUP1211,7.27,96.45,8,71188.69,0.928,2.7,0.967,0.976,4.1,97.73,26137.88,62787.9,10.18,17678.11,1.25,4.1,1.18,7639.03,5.12,3.5,2025-10-04T23:50:43.238162
SCM75727,2025-04-22T13:26:26,WH840,SUP9430,11.36,96.15,2,48524.69,0.965,2.92,0.969,0.979,5.0,96.86,22426.42,76415.77,10.03,5757.22,1.82,4.3,0.78,1922.21,18.06,4.8,2025-10-04T23:50:43.238273
SCM68681,2025-06-09T03:55:02,WH533,SUP9945,7.5,99.19,3,90937.94,0.943,4.33,0.935,0.98,4.9,97.77,27385.97,73689.09,9.15,13788.66,0.94,4.6,0.98,7718.62,17.19,3.6,2025-10-04T23:50:43.238393
SCM20672,2025-01-08T18:31:58,WH523,SUP8012,7.05,98.37,4,25169.88,0.925,3.35,0.968,0.972,4.7,92.98,13999.68,14961.26,7.58,2642.46,0.55,4.0,0.78,4311.12,23.51,3.1,2025-10-04T23:50:43.238528
SCM31520,2025-05-13T16:13:21,WH713,SUP8024,6.55,95.73,2,54889.35,0.97,2.03,0.916,0.965,4.8,86.44,40619.15,33781.86,7.42,16611.44,0.4,4.3,1.66,9236.09,7.51,3.4,2025-10-04T23:50:43.238818
SCM57804,2025-01-06T18:59:24,WH256,SUP3251,10.53,98.76,2,99181.24,0.978,9.88,0.912,0.973,4.8,93.01,7624.36,82109.79,11.05,16850.03,0.9,4.6,1.85,6847.37,20.7,4.9,2025-10-04T23:50:43.238950
SCM83013,2025-03-28T10:27:38,WH421,SUP8395,11.12,96.13,3,83965.12,0.944,5.29,0.964,0.963,3.5,85.42,11032.94,83983.06,9.02,15660.67,1.37,4.8,2.07,6524.99,9.51,4.7,2025-10-04T23:50:43.239090
SCM46175,2025-05-28T22:52:29,WH673,SUP7981,10.04,97.18,5,87511.69,0.98,9.9,0.901,0.962,4.8,90.79,30361.36,76202.1,10.41,19496.94,1.49,4.8,0.88,7822.04,17.91,3.0,2025-10-04T23:50:43.239210
SCM22787,2025-01-21T17:32:23,WH836,SUP7721,8.54,98.95,0,23841.64,0.934,7.71,0.96,0.955,3.7,89.1,45443.7,65875.19,8.39,17643.1,1.85,4.8,2.38,9883.93,5.18,3.1,2025-10-04T23:50:43.239328
SCM29507,2025-06-03T17:24:56,WH865,SUP1579,4.93,95.5,1,34893.45,0.965,9.67,0.909,0.958,3.6,88.2,15773.61,76384.52,7.03,19636.13,0.13,4.5,2.6,6118.22,19.36,4.5,2025-10-04T23:50:43.239441
SCM44420,2025-01-04T19:03:19,WH206,SUP9502,8.17,98.41,8,94135.47,0.937,5.24,0.89,0.989,3.9,95.16,41468.18,15228.11,11.88,19035.63,0.44,4.6,2.42,5825.17,11.37,4.7,2025-10-04T23:50:43.239558
SCM96266,2025-04-16T07:09:37,WH966,SUP1051,4.73,98.29,9,39083.0,0.949,3.02,0.897,0.96,3.9,89.88,26927.18,43318.4,6.55,8492.29,0.37,4.7,0.6,4338.95,20.17,3.0,2025-10-04T23:50:43.239672
SCM71974,2025-03-25T17:29:47,WH777,SUP3221,9.71,98.19,10,13695.43,0.977,7.41,0.884,0.987,4.4,91.21,47479.24,28629.09,6.87,8272.63,1.9,4.4,1.77,8951.63,16.98,4.8,2025-10-04T23:50:43.239797
SCM80036,2025-01-01T14:45:01,WH861,SUP8684,5.0,95.81,1,52800.54,0.943,9.1,0.907,0.974,3.8,88.32,40257.15,90390.79,8.29,2844.8,1.28,4.9,0.81,9763.4,21.86,3.4,2025-10-04T23:50:43.239908
SCM55988,2025-03-01T08:38:49,WH587,SUP8171,10.73,95.9,1,13897.41,0.955,4.8,0.91,0.959,3.8,91.68,18533.39,27154.81,7.09,3848.63,1.51,4.9,2.14,4348.7,12.12,4.9,2025-10-04T23:50:43.240027
SCM71923,2025-03-01T23:29:07,WH557,SUP3544,4.86,98.18,8,87940.91,0.946,5.42,0.968,0.984,3.7,88.38,9049.84,33940.3,11.57,7165.81,1.06,4.4,2.36,3890.09,23.42,3.9,2025-10-04T23:50:43.240157
SCM24302,2025-02-25T11:51:27,WH144,SUP9421,11.88,96.05,6,25270.86,0.973,5.08,0.95,0.979,3.5,86.38,19284.62,84699.37,9.13,11104.3,2.0,4.5,0.88,1829.65,8.47,4.9,2025-10-04T23:50:43.240276
SCM84396,2025-06-06T01:27:24,WH916,SUP2185,7.81,98.4,6,99959.03,0.931,2.47,0.937,0.957,4.9,96.46,22295.3,38379.77,7.51,15316.64,1.86,4.8,2.73,4916.73,14.1,4.6,2025-10-04T23:50:43.240394
SCM64861,2025-02-21T10:24:25,WH444,SUP2846,4.24,96.09,6,56284.85,0.961,6.99,0.912,0.963,4.6,86.79,37524.35,26624.46,7.83,6443.15,1.57,4.3,1.93,1830.42,8.28,4.2,2025-10-04T23:50:43.240511
SCM34858,2025-02-09T20:39:10,WH101,SUP9325,7.68,95.01,3,76101.28,0.975,9.83,0.922,0.977,4.2,90.69,5630.48,53668.65,11.18,16822.8,0.85,4.5,1.61,9505.6,8.68,4.8,2025-10-04T23:50:43.240640
SCM78208,2025-05-15T23:40:11,WH486,SUP6442,10.12,96.05,7,21422.51,0.98,7.92,0.885,0.968,4.0,91.59,21742.22,94605.19,11.93,15960.5,0.79,4.1,0.77,5119.35,5.6,3.9,2025-10-04T23:50:43.240765
SCM54137,2025-06-05T12:23:45,WH395,SUP8164,4.93,96.45,2,35055.37,0.974,2.05,0.899,0.989,4.3,92.08,45518.25,42591.5,10.76,17803.45,1.38,4.5,2.17,4295.81,20.53,4.3,2025-10-04T23:50:43.240893
SCM85390,2025-03-14T14:59:38,WH506,SUP3826,6.25,95.46,5,81422.6,0.974,9.32,0.894,0.975,3.9,85.92,12123.77,47323.62,11.07,17712.18,0.25,4.0,2.05,4889.64,17.48,5.0,2025-10-04T23:50:43.241029
SCM48758,2025-04-16T06:25:11,WH242,SUP6076,9.0,97.23,2,39997.58,0.952,9.21,0.925,0.971,4.3,88.83,30730.12,49365.02,9.99,4369.53,0.24,4.2,2.28,3931.28,6.07,3.3,2025-10-04T23:50:43.241153
SCM60625,2025-06-27T12:13:30,WH601,SUP4984,5.24,98.92,10,31000.61,0.929,5.87,0.941,0.989,5.0,88.1,10740.33,33668.2,9.99,19739.64,0.27,4.7,2.64,1860.67,17.65,5.0,2025-10-04T23:50:43.241280
SCM82236,2025-05-21T06:58:52,WH183,SUP8284,11.49,95.53,2,56830.83,0.924,2.09,0.882,0.971,3.9,94.06,10977.11,86092.01,10.94,5734.35,0.51,4.6,2.57,1756.74,24.22,3.7,2025-10-04T23:50:43.241406
SCM16731,2025-01-23T05:24:11,WH329,SUP4376,10.91,95.9,10,84149.78,0.928,5.74,0.899,0.967,4.6,88.74,33687.41,30541.25,6.07,6866.61,0.89,4.8,2.61,3292.22,14.06,4.5,2025-10-04T23:50:43.241549
SCM74327,2025-01-16T04:27:34,WH469,SUP2603,8.82,98.55,1,69545.96,0.937,8.98,0.939,0.971,3.9,92.38,29511.52,61893.17,8.89,11950.32,1.21,4.8,0.89,4533.36,15.87,3.3,2025-10-04T23:50:43.241685
SCM27285,2025-02-28T17:49:15,WH597,SUP1115,10.56,95.99,1,85416.5,0.936,4.19,0.929,0.964,5.0,90.14,46086.24,96996.42,8.87,3354.89,1.68,4.3,2.52,4087.23,21.54,3.8,2025-10-04T23:50:43.246170
SCM35496,2025-03-17T14:13:28,WH553,SUP2217,5.58,98.43,7,32105.0,0.937,3.72,0.881,0.984,4.1,94.22,19303.41,62935.84,10.07,17995.25,1.46,4.2,2.71,6878.23,12.31,5.0,2025-10-04T23:50:43.246330
SCM86485,2025-05-29T07:09:34,WH766,SUP5029,5.89,97.25,5,43535.24,0.934,7.64,0.967,0.963,3.8,94.35,43298.9,34284.96,11.82,14654.21,0.83,4.1,0.75,4155.35,14.82,4.3,2025-10-04T23:50:43.246605
SCM35732,2025-04-10T13:55:46,WH662,SUP2040,5.84,95.61,10,39281.33,0.983,4.41,0.884,0.987,3.6,96.14,23137.5,25677.99,10.19,13196.9,1.17,4.0,1.48,4411.3,6.3,3.3,2025-10-04T23:50:43.246840
SCM48419,2025-05-18T04:34:47,WH494,SUP6409,11.28,98.54,7,76750.35,0.988,7.67,0.927,0.966,4.5,89.31,10891.42,95499.05,10.27,8046.02,1.68,4.3,2.88,2596.55,13.9,3.4,2025-10-04T23:50:43.247190
SCM73838,2025-03-28T02:22:37,WH588,SUP9216,11.82,96.72,5,94946.19,0.984,2.43,0.915,0.955,4.3,86.28,31918.62,78572.36,6.48,15084.15,0.28,4.6,2.4,3988.74,11.15,3.2,2025-10-04T23:50:43.247347
SCM73110,2025-01-11T11:21:57,WH813,SUP3828,11.48,97.54,7,12660.52,0.962,9.02,0.953,0.977,3.6,96.32,44076.82,89893.74,7.75,16844.73,1.84,4.6,0.77,3999.8,22.8,3.0,2025-10-04T23:50:43.247464
SCM46410,2025-02-26T01:01:35,WH966,SUP1793,9.66,97.25,10,10407.27,0.982,3.34,0.956,0.983,4.7,89.94,26005.35,70603.07,6.35,13501.36,1.88,4.8,2.51,8397.33,6.72,3.6,2025-10-04T23:50:43.247587
SCM12476,2025-02-14T20:01:35,WH399,SUP3643,5.97,98.73,1,17305.73,0.99,5.88,0.911,0.977,4.3,85.0,48678.05,21749.86,10.45,13791.02,1.24,4.7,2.6,8015.72,15.64,3.7,2025-10-04T23:50:43.247708
SCM29837,2025-01-24T19:07:56,WH429,SUP2960,11.44,98.44,9,31402.51,0.938,3.31,0.948,0.98,3.7,90.64,36800.09,31791.5,6.58,17935.44,1.75,4.2,0.54,5191.09,22.39,4.8,2025-10-04T23:50:43.247831
SCM47700,2025-03-21T20:57:05,WH123,SUP7617,9.85,98.17,8,70889.73,0.97,2.17,0.955,0.955,3.8,97.34,9241.26,87134.35,7.27,15395.68,1.5,4.1,2.09,9832.83,6.1,4.1,2025-10-04T23:50:43.247950
SCM38848,2025-05-23T11:35:30,WH327,SUP2274,8.39,99.46,4,93354.73,0.941,7.44,0.968,0.968,4.3,95.24,15605.62,51580.46,7.3,17232.83,0.21,5.0,2.22,2900.53,9.55,4.1,2025-10-04T23:50:43.248070
SCM92700,2025-03-14T08:58:02,WH208,SUP3257,4.42,98.89,1,90482.03,0.973,8.83,0.904,0.968,4.9,93.92,40050.88,82056.42,6.93,9260.45,1.34,4.0,2.73,4378.45,14.21,4.3,2025-10-04T23:50:43.248168
SCM24027,2025-05-29T23:40:59,WH508,SUP3571,10.98,98.62,8,28743.39,0.935,6.31,0.932,0.981,4.8,96.66,46071.84,55327.23,7.61,11814.67,1.65,4.8,2.92,5004.67,12.52,3.6,2025-10-04T23:50:43.248264
SCM24746,2025-03-04T16:47:51,WH440,SUP9761,4.45,96.53,7,66745.5,0.952,9.87,0.9,0.985,4.6,88.76,17844.4,85722.25,11.77,5166.66,1.5,4.8,1.36,9518.1,14.46,4.0,2025-10-04T23:50:43.248356
SCM67678,2025-02-20T04:10:44,WH836,SUP4638,8.38,99.13,0,23297.51,0.929,4.6,0.915,0.989,4.8,92.27,42895.85,65302.96,7.03,3914.22,1.46,4.3,0.94,1350.27,20.77,3.9,2025-10-04T23:50:43.248721
SCM69799,2025-05-12T22:30:49,WH678,SUP5760,9.25,97.34,3,65228.59,0.959,2.74,0.964,0.974,4.8,88.32,38621.43,21527.02,6.69,17194.57,1.53,4.1,0.57,6947.31,15.94,4.3,2025-10-04T23:50:43.249129
SCM92622,2025-01-22T16:21:09,WH151,SUP5819,4.95,98.63,4,33496.81,0.989,4.59,0.95,0.986,3.9,94.47,39339.9,92012.18,10.36,14561.89,1.05,4.8,2.82,5601.91,6.27,3.7,2025-10-04T23:50:43.252656
SCM71810,2025-06-04T18:38:36,WH682,SUP2300,8.04,97.99,10,37963.59,0.942,9.91,0.898,0.989,3.8,93.37,31497.23,71572.89,11.37,5555.4,1.92,4.8,1.77,5351.99,15.01,3.3,2025-10-04T23:50:43.253203
SCM90334,2025-02-24T11:01:46,WH410,SUP2016,6.37,98.55,8,12756.78,0.95,2.95,0.901,0.978,4.2,85.34,9730.62,43351.08,7.49,19838.88,0.24,4.9,0.57,6411.96,14.42,3.8,2025-10-04T23:50:43.253611
SCM15422,2025-05-11T02:15:19,WH805,SUP2179,4.49,97.4,5,47046.9,0.972,6.04,0.932,0.966,4.0,96.37,10716.79,27711.56,6.54,11162.57,1.44,4.9,1.79,9269.24,14.39,4.8,2025-10-04T23:50:43.254452
SCM25049,2025-01-01T04:24:25,WH486,SUP8289,6.93,99.33,9,20393.76,0.954,2.41,0.921,0.989,4.2,88.07,17083.02,24354.33,9.49,14183.19,0.12,4.9,2.73,8841.87,12.6,3.1,2025-10-04T23:50:43.254690
SCM80916,2025-03-06T12:23:21,WH500,SUP9134,11.02,97.31,4,13579.69,0.936,6.71,0.934,0.953,4.4,97.83,16551.47,35456.59,6.83,5330.32,1.07,4.7,0.58,1230.25,20.73,4.8,2025-10-04T23:50:43.254857
SCM68546,2025-04-15T09:15:09,WH378,SUP7320,11.69,95.65,5,40391.19,0.923,5.58,0.913,0.963,4.8,96.92,39313.65,82100.79,6.91,17048.79,1.15,4.6,1.73,1923.2,7.39,4.1,2025-10-04T23:50:43.255141
SCM82406,2025-04-30T10:12:21,WH275,SUP4427,6.52,96.25,8,92686.21,0.934,5.65,0.949,0.975,3.7,96.6,36946.21,87753.76,11.82,2708.94,0.89,4.9,2.65,6718.24,10.57,4.8,2025-10-04T23:50:43.255372
SCM83511,2025-03-12T05:13:41,WH212,SUP6336,5.74,95.23,0,28010.79,0.982,5.34,0.924,0.956,4.9,93.11,23380.96,16711.42,10.17,10306.27,1.14,4.9,1.98,8255.56,5.36,3.2,2025-10-04T23:50:43.255509
SCM16423,2025-03-06T00:37:24,WH924,SUP9732,6.19,97.63,3,52964.15,0.964,8.59,0.949,0.971,4.2,92.62,48914.17,86433.8,6.38,18971.07,0.8,4.1,2.88,3966.91,19.19,3.0,2025-10-04T23:50:43.255701
SCM13584,2025-06-29T10:49:19,WH463,SUP5412,10.69,95.46,6,97112.49,0.983,9.88,0.953,0.969,3.6,93.62,39029.92,27048.78,9.68,2846.53,0.41,4.8,2.22,1318.8,10.35,4.2,2025-10-04T23:50:43.255820
SCM83506,2025-01-31T20:09:03,WH922,SUP1119,6.62,99.24,2,50159.49,0.944,9.6,0.916,0.974,4.5,91.49,19436.73,56624.29,8.88,14560.77,1.56,4.6,2.41,3161.26,5.76,3.0,2025-10-04T23:50:43.255982
SCM61773,2025-05-28T08:11:20,WH810,SUP3375,6.25,95.67,7,37730.04,0.938,5.8,0.944,0.972,4.6,86.55,7528.56,36691.43,10.86,11988.34,1.81,5.0,0.85,4308.46,10.08,3.4,2025-10-04T23:50:43.256398
SCM41693,2025-04-06T07:06:52,WH892,SUP4677,7.97,99.16,8,17351.13,0.964,6.19,0.947,0.966,4.2,97.72,45803.62,71331.53,11.64,9836.95,0.75,4.8,1.37,1219.01,15.76,3.9,2025-10-04T23:50:43.256522
SCM11524,2025-03-28T23:46:45,WH422,SUP7355,4.15,95.27,9,74576.07,0.924,9.9,0.946,0.97,4.2,96.7,25227.71,20465.86,8.41,14948.42,1.03,4.7,0.9,2740.22,23.95,3.9,2025-10-04T23:50:43.256630
SCM74469,2025-02-14T16:18:17,WH939,SUP7823,6.92,99.46,9,46095.06,0.95,2.69,0.881,0.984,3.7,90.01,5886.19,49429.83,7.18,5768.59,0.46,4.6,2.17,9596.58,9.29,4.4,2025-10-04T23:50:43.256989
SCM64933,2025-06-18T02:12:40,WH710,SUP3048,5.47,97.19,6,88699.62,0.978,2.33,0.931,0.976,4.9,95.9,26728.84,54204.0,8.75,10000.7,0.45,4.3,1.12,6693.79,7.87,4.1,2025-10-04T23:50:43.257184
SCM77845,2025-03-25T09:26:04,WH827,SUP1229,10.99,98.09,5,50444.86,0.93,8.87,0.911,0.963,4.3,87.29,39199.57,17735.73,8.01,3589.67,0.81,4.1,0.81,8394.99,22.88,4.5,2025-10-04T23:50:43.257363
SCM59003,2025-06-29T15:05:23,WH669,SUP1972,4.49,97.09,1,87840.65,0.94,5.49,0.957,0.974,4.1,92.59,42539.35,89498.45,6.29,8788.11,1.72,4.9,0.52,5236.24,20.79,4.7,2025-10-04T23:50:43.257557
SCM88981,2025-01-08T08:29:20,WH153,SUP9058,5.52,97.61,0,16072.61,0.939,3.0,0.916,0.976,4.3,93.49,13088.76,18485.55,10.88,12157.0,0.26,4.5,0.87,9600.83,19.06,3.3,2025-10-04T23:50:43.257671
SCM23826,2025-05-27T10:45:42,WH751,SUP9628,10.84,98.58,3,13751.48,0.944,4.96,0.921,0.975,3.5,95.11,46387.8,73093.05,6.24,10763.67,1.52,4.3,2.25,6261.04,20.06,4.6,2025-10-04T23:50:43.257775
SCM97936,2025-05-20T00:33:04,WH178,SUP8771,9.74,98.85,7,90892.89,0.944,4.17,0.911,0.966,4.8,87.26,22749.74,85457.33,9.3,13098.65,1.74,4.8,2.51,8796.59,8.91,3.1,2025-10-04T23:50:43.257895
SCM64718,2025-02-08T19:29:29,WH127,SUP2299,8.54,99.24,9,59130.84,0.988,7.71,0.909,0.984,4.3,90.6,28195.62,13193.58,10.68,7329.36,1.32,4.3,2.82,7911.06,22.9,3.4,2025-10-04T23:50:43.258014
SCM23886,2025-03-14T20:12:46,WH320,SUP3837,6.3,97.77,4,20856.88,0.941,7.51,0.934,0.953,4.9,88.54,32677.92,81651.78,10.88,18712.47,1.29,4.2,2.12,5647.34,23.94,3.8,2025-10-04T23:50:43.258151
SCM83712,2025-01-16T00:56:17,WH745,SUP4425,7.85,97.46,0,70103.51,0.986,5.75,0.901,0.978,4.4,97.35,10655.98,61116.03,11.21,5975.19,0.22,4.5,2.86,7715.3,7.56,4.0,2025-10-04T23:50:43.267765
SCM43842,2025-04-06T13:03:33,WH749,SUP3652,6.28,98.25,3,96330.77,0.965,2.94,0.931,0.986,4.0,92.55,47559.91,81457.14,9.58,2480.15,0.38,4.5,0.63,7041.29,21.02,3.1,2025-10-04T23:50:43.268119
SCM34301,2025-04-19T09:34:45,WH237,SUP7127,8.39,96.77,9,17428.2,0.936,2.99,0.952,0.978,4.6,92.56,13735.93,43253.33,7.41,13609.23,0.22,4.9,1.69,7169.65,23.74,3.1,2025-10-04T23:50:43.268350
SCM24723,2025-02-22T17:39:12,WH224,SUP2474,6.41,96.35,4,60478.98,0.937,4.64,0.907,0.972,4.0,86.03,24429.26,56547.03,8.22,3216.35,1.82,4.1,2.06,9006.95,12.01,3.3,2025-10-04T23:50:43.268512
SCM40691,2025-06-05T00:14:21,WH601,SUP9846,10.07,97.87,4,21977.07,0.954,8.29,0.92,0.957,4.9,89.0,10077.42,42234.68,8.62,5913.6,1.01,4.0,2.11,9530.19,23.78,4.6,2025-10-04T23:50:43.268697
SCM52714,2025-04-14T08:44:37,WH104,SUP4137,8.42,97.63,9,76340.15,0.985,9.89,0.963,0.969,4.1,89.68,9263.16,23585.25,8.06,14034.37,1.03,4.5,2.56,1305.05,8.67,4.3,2025-10-04T23:50:43.268839
SCM56306,2025-01-14T13:36:30,WH738,SUP4279,4.08,98.19,10,10129.91,0.951,5.81,0.889,0.958,4.8,95.07,33104.09,71399.12,6.3,3097.15,0.23,4.7,2.14,3872.13,15.06,3.4,2025-10-04T23:50:43.268968
SCM33254,2025-05-21T22:18:31,WH629,SUP1016,9.58,97.24,4,86684.19,0.961,6.9,0.887,0.967,3.9,96.59,34816.98,95414.71,7.43,15769.73,1.88,4.5,1.11,4487.72,13.07,3.3,2025-10-04T23:50:43.269086
SCM49989,2025-04-12T18:49:36,WH173,SUP9462,5.79,96.06,7,63368.5,0.936,2.34,0.901,0.981,3.6,90.86,41980.3,47299.89,11.78,18378.75,1.4,4.6,1.28,3336.73,7.47,3.4,2025-10-04T23:50:43.269200
SCM11451,2025-06-05T09:29:51,WH290,SUP7162,8.15,99.21,9,30197.02,0.986,9.99,0.893,0.958,4.7,92.7,38105.4,16558.74,8.92,13218.78,1.43,4.7,1.39,5955.66,15.39,3.6,2025-10-04T23:50:43.269326
SCM81920,2025-02-25T11:33:37,WH594,SUP4587,5.0,96.67,6,18553.99,0.973,7.02,0.898,0.98,4.7,93.11,9148.76,48395.05,6.91,9621.99,0.14,4.8,2.43,7794.13,21.26,3.6,2025-10-04T23:50:43.269440
SCM90019,2025-01-27T11:07:22,WH764,SUP3523,6.98,97.88,3,77793.39,0.961,6.38,0.938,0.987,4.5,86.29,46502.76,27278.15,10.73,7027.27,1.59,4.8,2.81,3543.33,18.18,3.0,2025-10-04T23:50:43.269556
SCM71057,2025-01-20T19:32:09,WH537,SUP6991,5.87,97.39,8,77907.45,0.936,3.76,0.939,0.977,4.4,88.11,45456.06,66153.78,8.22,18579.88,1.75,4.2,1.05,4137.37,6.19,4.0,2025-10-04T23:50:43.269668
SCM83998,2025-04-16T01:49:44,WH376,SUP1831,7.6,95.0,5,86263.53,0.977,2.39,0.941,0.96,4.3,87.79,18000.95,23598.59,11.42,11033.8,1.62,4.3,2.04,9149.24,13.51,3.2,2025-10-04T23:50:43.269784
SCM16223,2025-02-07T17:56:01,WH403,SUP9341,5.7,95.07,5,60869.66,0.933,3.99,0.9,0.972,3.6,85.73,26301.42,49145.9,11.58,2311.69,1.28,4.1,0.54,8349.64,16.1,4.2,2025-10-04T23:50:43.269901
SCM95575,2025-01-14T13:13:59,WH371,SUP7374,7.09,97.25,5,18912.29,0.956,5.97,0.96,0.972,3.9,92.4,44200.15,50310.65,10.34,9673.48,1.6,4.2,1.12,9799.16,15.04,4.0,2025-10-04T23:50:43.270015
SCM52138,2025-02-18T05:42:50,WH851,SUP4945,9.63,99.4,4,61006.54,0.969,2.63,0.9,0.98,4.3,88.97,31439.84,90371.34,8.84,4977.96,1.22,4.5,0.96,8921.01,19.46,3.9,2025-10-04T23:50:43.270143
SCM31097,2025-06-11T06:18:12,WH673,SUP2344,5.8,97.97,6,54920.68,0.943,9.01,0.947,0.965,3.5,86.29,25307.58,82407.4,11.48,14063.85,1.29,4.7,0.61,8428.93,15.83,3.0,2025-10-04T23:50:43.297502
SCM50179,2025-05-03T11:00:38,WH412,SUP1069,10.05,97.47,4,95875.03,0.925,5.15,0.923,0.979,5.0,92.08,23471.41,37868.87,9.45,12933.55,1.47,4.9,0.74,7874.99,11.9,4.4,2025-10-04T23:50:43.299618
SCM70273,2025-03-12T22:14:00,WH380,SUP6474,11.46,95.66,3,58288.24,0.936,6.09,0.921,0.976,3.8,93.04,41428.47,39594.82,10.08,17943.0,1.4,4.5,2.57,8180.04,11.0,4.8,2025-10-04T23:50:43.299855
SCM53261,2025-05-03T05:18:11,WH717,SUP8626,9.08,96.88,6,51720.9,0.926,7.66,0.96,0.96,4.7,95.0,28053.89,33475.15,9.29,15473.3,1.18,4.2,0.54,1286.04,18.8,3.1,2025-10-04T23:50:43.300006
SCM64193,2025-06-23T17:41:03,WH975,SUP9969,4.82,95.09,7,42044.31,0.927,9.34,0.964,0.968,4.6,88.71,20321.95,43075.95,11.29,9225.26,1.04,4.9,0.82,3428.47,7.23,3.0,2025-10-04T23:50:43.300140
SCM82857,2025-01-17T19:23:49,WH821,SUP4111,4.79,95.07,2,40026.46,0.958,5.53,0.957,0.977,4.3,93.74,8567.82,82462.89,9.91,4274.08,0.54,4.9,1.08,8172.2,11.48,3.9,2025-10-04T23:50:43.300291
SCM37106,2025-04-10T23:40:55,WH514,SUP7520,7.6,97.46,7,37317.65,0.934,5.07,0.909,0.951,4.5,86.58,33052.51,52658.85,10.66,7844.15,1.85,4.5,0.94,9193.96,14.62,4.4,2025-10-04T23:50:43.300503
SCM11081,2025-03-06T23:14:16,WH499,SUP9554,7.17,97.51,3,67974.88,0.959,3.48,0.934,0.982,4.7,91.11,8916.63,15026.95,8.48,3836.47,0.21,4.7,2.51,5844.56,16.84,4.0,2025-10-04T23:50:43.300790
SCM66307,2025-05-15T20:33:46,WH686,SUP8827,8.22,98.98,10,31101.38,0.943,9.36,0.905,0.961,4.7,91.8,37389.07,48767.25,9.47,15505.6,1.31,4.6,0.72,6848.46,16.2,4.1,2025-10-04T23:50:43.301010
SCM38302,2025-01-26T06:53:52,WH280,SUP4628,8.2,96.96,10,30953.53,0.964,5.53,0.967,0.961,4.1,93.06,43607.98,70688.92,7.63,16206.76,1.84,4.7,1.87,7778.91,6.12,4.5,2025-10-04T23:50:43.301179
SCM86641,2025-02-24T21:24:34,WH313,SUP1862,10.39,97.83,10,72593.03,0.923,3.87,0.953,0.968,4.6,86.9,6811.45,59641.52,9.53,2811.87,0.63,4.9,1.05,1818.62,14.77,4.4,2025-10-04T23:50:43.301344
SCM79294,2025-01-15T00:14:31,WH159,SUP8725,11.65,98.27,9,41489.4,0.943,2.37,0.937,0.959,4.4,97.79,12385.1,13979.39,9.21,14289.91,0.32,4.7,0.77,1500.04,19.59,3.9,2025-10-04T23:50:43.301504
SCM45786,2025-06-10T10:30:22,WH868,SUP6829,6.44,98.08,1,71198.16,0.966,6.78,0.901,0.97,4.3,96.86,43303.43,81628.57,6.22,9690.31,0.26,4.0,1.25,3048.27,18.04,4.5,2025-10-04T23:50:43.301676
SCM88876,2025-01-31T09:55:12,WH521,SUP7675,6.17,95.97,3,52969.09,0.95,2.07,0.93,0.979,3.6,89.22,10785.81,99821.5,10.18,13000.88,0.83,4.4,2.66,6386.03,13.13,3.4,2025-10-04T23:50:43.301878
SCM53806,2025-06-24T13:35:36,WH665,SUP6933,8.9,98.41,6,56224.97,0.977,7.96,0.898,0.963,3.8,97.34,28521.27,50985.08,9.66,17372.8,1.63,4.9,1.92,8041.69,13.77,4.2,2025-10-04T23:50:43.302054
SCM15548,2025-03-23T18:00:55,WH109,SUP7905,5.79,97.17,6,57805.01,0.949,6.23,0.939,0.989,4.5,95.41,37502.04,21829.42,9.38,3494.99,1.77,4.3,2.48,2223.33,17.75,4.5,2025-10-04T23:50:43.302184
SCM30831,2025-06-16T17:16:56,WH296,SUP4198,6.0,96.1,0,67286.47,0.944,5.09,0.911,0.96,3.8,95.32,32959.6,97658.62,10.71,3181.45,0.52,4.4,1.0,1178.0,21.12,4.2,2025-10-04T23:50:43.302336
SCM28991,2025-02-24T22:13:31,WH185,SUP9253,10.54,97.74,8,74240.9,0.955,4.83,0.906,0.965,5.0,96.57,28719.98,85676.93,7.07,4826.58,1.85,4.2,2.23,9887.46,13.53,4.6,2025-10-04T23:50:43.302487
SCM87060,2025-02-04T00:19:22,WH181,SUP5738,7.23,95.34,9,66333.14,0.938,8.67,0.906,0.963,4.1,92.6,7798.12,92886.19,6.18,3550.13,0.31,4.4,2.81,9166.19,14.84,3.3,2025-10-04T23:50:43.302639
SCM43623,2025-01-13T00:28:54,WH815,SUP4849,7.87,96.9,1,50922.53,0.939,3.57,0.945,0.984,4.8,85.18,24862.61,19042.76,7.48,14181.44,0.65,4.8,2.84,1284.25,21.6,4.1,2025-10-04T23:50:43.302800
SCM45038,2025-02-23T18:23:20,WH569,SUP6909,11.07,98.0,6,65440.28,0.947,7.03,0.939,0.951,4.3,97.53,12577.05,10380.56,9.74,8008.06,0.46,5.0,1.51,6178.77,16.91,3.9,2025-10-04T23:50:43.302965
SCM31866,2025-02-28T08:43:16,WH258,SUP4449,5.78,97.72,10,70649.63,0.979,2.15,0.958,0.953,4.0,91.21,14848.65,15452.73,6.38,11953.23,1.29,4.7,2.02,2945.81,11.92,3.1,2025-10-04T23:50:43.303097
SCM74651,2025-01-11T17:40:56,WH196,SUP7495,8.43,97.75,7,37176.04,0.929,7.64,0.929,0.985,4.2,90.51,18905.74,52847.85,10.27,4331.54,0.91,4.3,1.16,1537.5,11.72,3.4,2025-10-04T23:50:43.303224
SCM85770,2025-06-12T04:35:16,WH168,SUP6024,7.92,96.73,8,32550.35,0.984,3.1,0.955,0.988,4.1,88.95,8997.5,97663.17,10.38,11078.13,0.29,4.2,2.79,3804.14,17.32,4.4,2025-10-04T23:50:43.303357
SCM18797,2025-06-23T22:46:22,WH100,SUP5781,5.57,95.91,6,20926.8,0.942,7.45,0.88,0.97,4.0,97.04,8032.25,99615.78,6.41,10030.75,1.77,4.0,1.35,8136.92,18.7,3.6,2025-10-04T23:50:43.303489
SCM87897,2025-04-17T08:21:05,WH521,SUP2091,5.82,97.91,4,58854.73,0.948,5.34,0.887,0.978,4.6,97.43,16361.78,59368.04,7.84,2833.16,1.03,4.2,0.51,6128.45,18.56,3.2,2025-10-04T23:50:43.303611
SCM75360,2025-02-21T03:34:22,WH473,SUP2985,4.76,97.23,6,77782.25,0.949,2.56,0.968,0.966,4.4,87.42,41091.3,51423.52,7.93,15342.65,1.98,4.6,2.45,6180.54,9.99,4.0,2025-10-04T23:50:43.303730
SCM13321,2025-04-30T08:30:24,WH854,SUP4592,8.4,96.89,1,38062.43,0.956,2.47,0.955,0.987,3.9,90.68,6612.85,72957.53,10.39,7684.56,1.36,4.7,2.45,9116.57,13.84,4.4,2025-10-04T23:50:43.303866
SCM12318,2025-03-21T22:00:45,WH549,SUP7862,5.92,97.08,1,26809.01,0.965,8.89,0.914,0.989,4.3,92.14,38736.29,81140.07,10.87,17443.51,1.24,4.9,2.28,1667.8,24.02,4.9,2025-10-04T23:50:43.303996
SCM27269,2025-06-18T06:36:31,WH991,SUP2520,6.99,95.05,3,51712.08,0.986,7.02,0.888,0.985,4.4,94.23,8852.76,27820.01,8.04,12529.24,0.73,4.3,1.5,6525.51,11.52,3.4,2025-10-04T23:50:43.304111
SCM62419,2025-03-04T13:53:19,WH812,SUP3518,7.45,97.07,1,86160.91,0.923,7.55,0.887,0.969,4.4,95.12,15827.26,12020.82,8.73,12846.93,0.25,4.9,2.25,2707.26,23.21,4.2,2025-10-04T23:50:43.304226
SCM50153,2025-02-02T21:38:00,WH121,SUP1106,6.7,96.18,4,76454.86,0.958,3.0,0.915,0.953,4.1,88.31,42392.36,28270.04,6.83,2064.61,1.67,4.3,0.92,8658.07,9.59,3.0,2025-10-04T23:50:43.304336
SCM12241,2025-06-18T22:37:25,WH831,SUP5462,4.19,98.56,5,67860.66,0.94,6.24,0.967,0.956,4.7,97.85,37229.67,92781.1,7.46,12503.12,0.46,4.9,2.6,3786.45,11.26,3.8,2025-10-04T23:50:43.304443
SCM17157,2025-06-24T19:33:49,WH987,SUP1565,11.53,95.63,3,56401.0,0.956,6.54,0.91,0.96,4.6,88.07,39393.83,68649.06,6.67,15452.27,0.93,4.6,2.37,4064.24,7.21,3.5,2025-10-04T23:50:43.304553
SCM55750,2025-06-09T08:20:39,WH460,SUP4481,5.92,98.42,8,47092.18,0.972,5.34,0.89,0.977,4.4,93.95,38302.1,69964.96,10.42,13187.35,0.81,4.9,0.79,1556.98,14.47,4.3,2025-10-04T23:50:43.304677
SCM66823,2025-04-08T11:06:55,WH955,SUP6220,4.01,98.89,5,98645.73,0.952,5.94,0.889,0.958,3.9,92.83,34815.72,51785.31,8.0,7313.49,0.82,4.7,2.16,4366.24,16.22,4.8,2025-10-04T23:50:43.304860
SCM17056,2025-03-08T11:32:13,WH298,SUP5177,11.49,99.49,1,46508.56,0.971,2.1,0.934,0.963,5.0,95.72,24086.67,33257.84,8.79,2757.4,1.5,4.7,2.8,3901.98,17.5,4.4,2025-10-04T23:50:43.305052
SCM29091,2025-01-15T09:51:50,WH297,SUP4967,7.02,98.06,0,71362.75,0.934,2.17,0.935,0.977,4.6,86.16,43875.2,80147.92,7.49,5839.96,1.77,4.4,0.73,7760.78,14.73,3.3,2025-10-04T23:50:43.305177
SCM64411,2025-01-01T08:21:02,WH450,SUP2854,5.91,95.39,0,47544.54,0.978,6.18,0.899,0.97,4.5,90.78,24948.09,33685.3,10.32,10130.17,1.3,4.0,1.63,8389.58,15.14,3.4,2025-10-04T23:50:43.305336
SCM96991,2025-02-17T05:00:34,WH505,SUP6182,6.48,98.96,1,31433.56,0.968,6.83,0.882,0.962,3.9,87.61,31836.3,46745.39,6.38,13696.26,0.46,4.4,2.46,1608.09,7.28,3.8,2025-10-04T23:50:43.305511
SCM91386,2025-04-18T07:22:50,WH499,SUP3268,7.32,97.09,3,50731.51,0.925,9.14,0.921,0.967,4.9,85.28,7781.59,52066.71,9.17,2836.74,1.0,4.9,2.68,4177.04,16.67,4.8,2025-10-04T23:50:43.305663
SCM19819,2025-03-30T13:14:03,WH493,SUP4406,11.68,97.97,1,19942.36,0.938,6.58,0.964,0.98,4.0,97.63,36130.84,80680.41,9.6,18885.56,0.64,4.7,1.99,6987.55,21.14,4.6,2025-10-04T23:50:43.305798
SCM93106,2025-05-27T06:15:31,WH695,SUP1357,9.23,97.7,6,91676.26,0.983,9.46,0.885,0.971,4.3,90.62,28477.61,57202.75,10.47,17996.98,1.57,4.2,0.86,6511.86,16.07,3.6,2025-10-04T23:50:43.305945
SCM31247,2025-02-20T02:33:15,WH442,SUP6020,10.54,99.45,9,87001.73,0.98,6.35,0.897,0.974,4.3,92.32,26252.81,20662.47,10.45,12792.04,0.71,4.1,2.83,5062.25,13.37,4.7,2025-10-04T23:50:43.306078
SCM78621,2025-02-28T18:27:15,WH964,SUP2656,11.53,99.29,2,33514.41,0.985,2.82,0.945,0.959,3.8,95.23,22338.27,48492.59,7.84,14163.7,0.89,4.3,2.77,3572.42,15.13,4.6,2025-10-04T23:50:43.306196
SCM20068,2025-02-05T14:01:27,WH721,SUP6259,8.71,96.27,2,36572.86,0.927,3.68,0.891,0.958,3.7,94.65,27282.18,38447.29,6.22,5178.95,0.61,4.4,2.06,9609.2,21.33,4.1,2025-10-04T23:50:43.306311
SCM65898,2025-04-22T06:57:34,WH135,SUP6427,10.58,99.02,9,84975.57,0.961,7.86,0.94,0.987,4.9,93.76,45296.46,67130.12,11.14,16307.58,0.36,4.9,1.3,8606.13,15.3,4.5,2025-10-04T23:50:43.306424
SCM74685,2025-01-16T16:00:22,WH717,SUP1484,6.52,97.99,7,78631.08,0.963,3.2,0.892,0.954,4.8,85.99,29821.39,17832.16,9.06,15282.83,1.17,4.4,2.9,6871.14,14.71,3.9,2025-10-04T23:50:43.306541
SCM27911,2025-01-01T12:28:43,WH187,SUP3376,7.3,99.29,0,89619.08,0.943,2.51,0.959,0.953,4.2,85.7,35936.36,62876.69,10.48,13363.64,1.91,4.4,0.81,5147.78,6.09,3.2,2025-10-04T23:50:43.306889
SCM73315,2025-05-07T16:32:05,WH836,SUP1299,5.65,98.11,7,56240.55,0.977,7.46,0.96,0.989,4.3,87.16,45209.63,53752.69,7.2,19224.49,0.79,4.6,1.06,6439.93,7.97,4.0,2025-10-04T23:50:43.307016
SCM66939,2025-02-15T15:00:20,WH195,SUP7741,6.0,95.27,8,94031.81,0.945,2.81,0.951,0.968,4.3,92.66,47140.74,12749.88,11.83,16518.21,1.4,5.0,0.77,6907.72,6.71,3.9,2025-10-04T23:50:43.307129
SCM69144,2025-01-25T17:04:54,WH571,SUP4897,10.94,97.4,1,34322.69,0.929,8.94,0.96,0.956,3.7,95.87,28615.84,72114.9,7.06,7361.16,0.44,4.6,2.84,4324.93,21.71,4.2,2025-10-04T23:50:43.307237
SCM40440,2025-01-12T14:19:52,WH111,SUP6499,5.04,95.69,8,99186.99,0.931,3.91,0.896,0.951,4.2,89.73,19894.01,60349.98,7.53,15466.27,1.57,4.7,2.7,5698.01,18.97,4.3,2025-10-04T23:50:43.307344
SCM92672,2025-04-03T23:09:40,WH914,SUP5331,11.75,97.27,4,89788.65,0.96,9.44,0.961,0.975,4.1,90.57,34772.6,21316.63,9.4,10338.77,1.57,4.2,2.98,4182.42,9.76,3.9,2025-10-04T23:50:43.307455
SCM21723,2025-04-29T12:19:40,WH758,SUP4593,7.41,95.23,4,44630.11,0.945,3.23,0.942,0.984,4.4,90.19,18769.05,96497.17,9.53,16589.07,0.95,4.9,1.74,1398.13,20.78,3.8,2025-10-04T23:50:43.307575
SCM93533,2025-03-22T09:22:34,WH930,SUP3090,4.4,95.21,4,21933.07,0.958,3.75,0.891,0.98,3.6,94.22,36350.38,61042.68,8.64,4142.28,0.67,4.4,0.67,6601.93,12.34,3.8,2025-10-04T23:50:43.307685
SCM82791,2025-05-15T21:49:39,WH742,SUP2108,9.52,95.47,0,38955.74,0.927,3.78,0.916,0.981,3.7,90.49,17042.18,33929.31,11.4,14676.81,0.64,4.6,2.22,9438.5,7.39,4.1,2025-10-04T23:50:43.307799
SCM72886,2025-04-08T08:12:28,WH432,SUP4078,5.86,95.07,7,30425.78,0.947,4.9,0.92,0.951,4.6,92.12,39052.22,33536.48,10.44,5508.02,0.88,4.3,0.58,9618.15,12.68,4.9,2025-10-04T23:50:43.307905
SCM27476,2025-05-19T08:00:18,WH568,SUP6412,11.23,95.39,6,99518.06,0.952,8.14,0.894,0.988,4.2,88.76,16812.58,11754.0,9.29,10303.57,0.37,4.1,1.7,5728.4,9.62,3.1,2025-10-04T23:50:43.308011
SCM64707,2025-02-17T02:45:43,WH851,SUP9246,11.11,97.2,10,54554.13,0.959,7.53,0.9,0.976,4.5,93.68,40145.43,49620.37,11.72,18119.99,1.07,4.7,0.83,9195.55,17.28,4.1,2025-10-04T23:50:43.308117
SCM75993,2025-04-13T21:11:17,WH306,SUP7613,9.31,97.19,1,39035.58,0.952,8.91,0.952,0.976,5.0,93.71,13026.72,59931.1,6.91,2411.85,0.64,4.1,1.89,5838.82,19.49,3.5,2025-10-04T23:50:43.316802
SCM53086,2025-05-10T20:21:12,WH836,SUP8622,4.03,96.7,3,23413.35,0.973,3.14,0.958,0.985,3.5,89.01,19322.73,53420.99,11.13,4675.77,1.16,4.5,1.48,5012.31,20.09,4.1,2025-10-04T23:50:43.317125
SCM63445,2025-05-06T16:27:22,WH818,SUP5663,5.33,95.31,6,39075.77,0.974,8.87,0.923,0.961,4.1,95.09,6446.45,81746.38,8.85,9823.87,1.95,4.5,2.81,2882.73,19.56,4.2,2025-10-04T23:50:43.317317
SCM98666,2025-01-09T11:49:17,WH919,SUP3232,4.08,95.5,1,50214.57,0.936,4.35,0.958,0.958,4.0,90.6,12785.51,98957.1,9.84,7674.36,0.47,4.1,1.95,2793.41,5.31,4.2,2025-10-04T23:50:43.317433
SCM34746,2025-01-10T20:30:52,WH335,SUP7460,7.81,97.65,4,91040.61,0.943,7.08,0.891,0.953,4.2,92.97,36090.69,54796.98,6.51,13444.7,1.2,4.4,1.6,4643.47,9.12,4.6,2025-10-04T23:50:43.317548
SCM91843,2025-01-09T18:14:18,WH265,SUP9792,10.27,98.14,10,69955.77,0.962,3.33,0.934,0.989,4.9,94.86,28855.96,98432.38,10.14,15507.44,1.18,4.7,0.83,3871.15,7.58,3.3,2025-10-04T23:50:43.317661
SCM30316,2025-03-25T23:32:52,WH433,SUP6910,7.05,98.76,10,70299.35,0.942,6.79,0.89,0.961,4.1,92.47,29634.49,70320.32,10.76,10797.84,0.48,4.6,1.7,6421.23,24.63,4.8,2025-10-04T23:50:43.317883
SCM95864,2025-05-16T12:57:58,WH745,SUP5417,5.7,95.25,2,26835.28,0.967,9.52,0.917,0.979,3.5,91.37,19856.56,50205.67,6.45,16085.29,1.97,4.6,0.96,1808.12,8.74,3.5,2025-10-04T23:50:43.318341
SCM52302,2025-01-03T04:23:06,WH700,SUP4062,11.89,97.75,1,68970.23,0.99,5.59,0.96,0.98,4.6,92.58,14163.85,12630.67,10.25,6959.73,0.63,4.2,1.92,4231.96,22.47,3.7,2025-10-04T23:50:43.318481
SCM55758,2025-04-01T18:58:56,WH886,SUP5607,6.34,99.38,7,51175.3,0.94,5.32,0.959,0.974,4.6,85.02,41040.5,26878.19,9.07,8480.61,0.42,4.2,1.32,9230.9,24.13,3.2,2025-10-04T23:50:43.318604
SCM82388,2025-04-10T23:22:05,WH197,SUP3020,7.69,96.9,10,30358.62,0.986,5.6,0.917,0.962,4.2,95.15,36764.6,72404.29,7.99,5453.68,0.9,4.0,1.54,8831.23,22.6,3.5,2025-10-04T23:50:43.318727
SCM36167,2025-04-11T11:30:43,WH527,SUP1880,6.03,96.55,9,34079.29,0.94,6.53,0.91,0.96,4.8,97.67,14841.52,29320.55,10.24,3411.05,0.36,4.5,2.56,3061.0,22.88,3.4,2025-10-04T23:50:43.318849
SCM19454,2025-03-04T20:39:00,WH876,SUP5666,5.27,96.69,10,72315.77,0.951,5.78,0.899,0.988,3.7,96.55,42263.86,78569.52,12.0,12672.88,0.6,5.0,1.96,2153.22,13.97,3.1,2025-10-04T23:50:43.318990
SCM77531,2025-02-02T01:20:16,WH883,SUP8240,10.39,98.7,3,93637.8,0.958,6.71,0.97,0.962,4.2,87.09,17657.12,84652.89,8.44,11163.92,0.76,4.4,0.56,6844.92,22.31,3.5,2025-10-04T23:50:43.319109
SCM70156,2025-06-11T07:45:54,WH900,SUP3604,5.2,96.6,10,10936.66,0.98,8.11,0.927,0.971,4.9,93.18,7886.26,41734.82,11.13,6712.74,0.84,4.6,2.92,2967.75,23.76,3.9,2025-10-04T23:50:43.319240
SCM15856,2025-02-07T11:01:16,WH178,SUP5818,11.29,95.45,4,93636.51,0.94,2.58,0.905,0.954,3.5,93.15,49159.02,87470.35,10.05,4322.62,0.5,5.0,0.75,2326.45,10.67,3.7,2025-10-04T23:50:43.319353
SCM85478,2025-05-27T08:36:07,WH306,SUP5800,5.15,98.55,8,10572.23,0.961,6.49,0.89,0.981,4.1,94.29,34252.88,21407.2,9.99,3021.32,0.67,4.7,2.7,9476.6,14.72,3.1,2025-10-04T23:50:43.319463
SCM82168,2025-04-08T12:17:05,WH506,SUP2345,4.49,97.11,4,97012.62,0.958,7.84,0.903,0.956,4.6,96.2,25686.52,99345.63,11.86,16340.7,1.02,4.2,2.53,6487.79,16.85,4.0,2025-10-04T23:50:43.319579
SCM62956,2025-05-18T09:33:25,WH757,SUP9023,5.01,98.74,8,11329.68,0.925,6.43,0.886,0.984,4.0,97.61,16192.04,84647.63,6.88,8686.06,1.54,4.8,2.3,5375.25,17.01,4.3,2025-10-04T23:50:43.319688
SCM12188,2025-05-18T18:39:54,WH135,SUP4636,6.12,99.42,1,60327.92,0.94,9.0,0.96,0.965,4.0,96.33,15551.44,63041.13,11.33,10270.97,1.46,4.3,0.54,2485.95,17.45,3.3,2025-10-04T23:50:43.319799
SCM15177,2025-03-17T19:10:33,WH366,SUP4169,10.23,99.47,4,80374.97,0.986,4.85,0.949,0.987,4.0,97.73,23587.55,42763.64,11.31,2647.95,1.6,4.1,2.45,8059.57,20.63,3.8,2025-10-04T23:50:43.319906
SCM52856,2025-04-18T21:19:49,WH425,SUP3787,8.37,96.99,6,16503.76,0.949,9.58,0.97,0.952,5.0,95.55,44076.26,85525.13,6.43,17575.41,1.98,4.7,2.56,6933.23,13.36,4.1,2025-10-04T23:50:43.320023
SCM12817,2025-04-29T23:21:13,WH875,SUP7053,10.23,96.07,0,31905.67,0.942,3.53,0.942,0.96,3.9,86.42,36606.54,18719.53,6.72,6731.19,0.89,4.1,1.52,3033.93,21.89,3.5,2025-10-04T23:50:43.320399
SCM60790,2025-05-10T00:37:41,WH165,SUP1371,6.4,97.88,0,27457.99,0.957,5.47,0.897,0.974,4.6,95.22,5354.65,99521.22,6.83,3447.39,1.78,4.7,1.08,4702.27,22.36,3.9,2025-10-04T23:50:43.320617
SCM82499,2025-04-05T01:01:43,WH708,SUP5528,6.34,98.34,5,30808.16,0.951,2.88,0.883,0.975,4.9,91.25,5718.36,43323.82,10.09,13027.24,1.37,4.7,1.86,9368.51,9.58,3.3,2025-10-04T23:50:43.320781
SCM28443,2025-04-13T19:24:37,WH683,SUP9758,6.52,96.06,4,63985.66,0.943,5.49,0.885,0.969,4.2,88.82,12429.81,62339.49,6.93,6464.08,0.35,4.1,2.14,4783.71,8.13,3.3,2025-10-04T23:50:43.320926
SCM22537,2025-04-27T15:29:47,WH637,SUP3574,5.76,95.72,5,32658.38,0.985,8.5,0.957,0.959,4.6,89.7,7420.44,75092.52,9.55,12985.41,1.15,4.7,2.86,1414.37,22.41,4.3,2025-10-04T23:50:43.321053
SCM47491,2025-06-18T12:12:00,WH504,SUP4311,4.97,99.17,10,75004.77,0.93,2.44,0.914,0.951,4.9,86.19,49757.88,18116.14,6.51,10627.42,0.75,4.2,0.88,4185.57,11.81,4.9,2025-10-04T23:50:43.321226
SCM70660,2025-04-10T13:09:03,WH281,SUP9536,11.21,96.94,1,84555.59,0.949,9.31,0.909,0.96,4.5,90.9,25979.67,70305.78,10.87,19168.93,1.96,4.7,1.23,5061.63,19.86,4.2,2025-10-04T23:50:43.321361
SCM21170,2025-01-01T23:09:16,WH509,SUP1225,6.6,97.88,5,43882.19,0.942,2.08,0.936,0.975,4.6,89.82,21656.38,38882.26,6.87,15066.24,1.69,4.4,2.37,1259.68,12.32,3.1,2025-10-04T23:50:43.321511
SCM48536,2025-01-06T07:17:38,WH892,SUP7819,11.47,98.57,3,47833.31,0.98,7.7,0.923,0.981,4.4,97.58,45740.63,74421.7,8.29,3292.17,1.99,4.9,2.15,1766.81,13.42,4.4,2025-10-04T23:50:43.321649
SCM66200,2025-02-05T17:58:42,WH934,SUP9812,5.34,95.88,9,34980.98,0.938,8.71,0.968,0.978,4.3,95.32,18315.34,99377.37,9.81,17160.86,0.86,4.6,2.54,9820.11,8.39,3.7,2025-10-04T23:50:43.321990
SCM41940,2025-03-14T00:14:40,WH405,SUP9203,7.86,97.36,3,43428.42,0.967,3.48,0.885,0.978,4.4,93.6,40394.96,18017.5,11.71,11638.44,0.11,4.2,1.04,6631.02,19.65,4.7,2025-10-04T23:50:43.322111
SCM66015,2025-03-15T01:36:59,WH493,SUP9179,11.0,97.03,5,27568.34,0.956,7.86,0.934,0.967,4.0,89.42,11781.82,75070.76,11.42,5115.33,1.84,4.5,0.73,7731.78,17.8,3.4,2025-10-04T23:50:43.322230
SCM76863,2025-01-08T13:04:02,WH415,SUP2031,8.72,95.33,5,98688.41,0.924,3.96,0.919,0.971,4.0,92.3,8765.18,31511.88,10.29,9104.86,1.25,4.7,2.59,3279.32,6.89,4.5,2025-10-04T23:50:43.322397
SCM57677,2025-05-11T16:48:13,WH599,SUP8254,9.56,98.75,7,62760.97,0.968,2.27,0.882,0.968,4.6,96.51,34996.46,71025.07,9.12,11473.28,0.44,5.0,2.72,2123.21,24.32,4.1,2025-10-04T23:50:43.322553
SCM82228,2025-06-22T04:49:55,WH976,SUP2482,11.25,99.0,5,16994.55,0.977,2.81,0.952,0.978,4.0,91.99,7368.19,80131.27,9.17,3667.52,0.33,4.1,2.95,5263.7,20.21,4.6,2025-10-04T23:50:43.322670
SCM86856,2025-06-03T01:16:23,WH758,SUP9597,10.3,98.88,4,78789.38,0.932,2.1,0.955,0.969,4.2,96.91,12961.14,85056.38,11.55,12479.37,1.43,4.3,1.09,6855.02,15.11,3.6,2025-10-04T23:50:43.322794
SCM93073,2025-05-23T15:57:01,WH934,SUP6168,7.93,96.53,9,29155.97,0.956,9.45,0.905,0.982,4.5,95.36,42016.6,58910.87,11.3,15536.07,0.22,4.4,2.18,5001.58,23.89,3.4,2025-10-04T23:50:43.322933
SCM11280,2025-04-12T21:33:36,WH980,SUP5331,5.24,96.96,2,22215.27,0.988,8.13,0.895,0.952,3.9,87.1,13520.0,78204.32,7.58,15662.65,1.95,4.4,2.19,4255.49,12.24,4.1,2025-10-04T23:50:43.323056
SCM63295,2025-04-15T06:21:41,WH188,SUP5230,8.05,96.96,5,47118.01,0.929,7.2,0.961,0.956,4.3,94.2,21959.48,63656.65,7.61,18081.85,0.32,4.8,0.65,5256.86,5.02,3.5,2025-10-04T23:50:43.323173
SCM85051,2025-04-27T02:48:29,WH320,SUP2481,4.68,97.67,8,38493.99,0.944,2.41,0.933,0.965,4.8,85.81,38240.35,96582.46,9.95,3441.01,0.89,4.9,1.07,5679.8,17.85,3.4,2025-10-04T23:50:43.323298
SCM42111,2025-01-01T10:08:46,WH802,SUP7523,7.76,99.01,0,12163.11,0.958,2.88,0.931,0.988,4.7,92.17,40083.51,76127.51,11.02,17662.06,1.9,4.1,1.84,9906.28,16.25,3.0,2025-10-04T23:50:43.323410
SCM50955,2025-04-04T09:47:32,WH484,SUP7280,5.11,97.66,2,22733.36,0.932,2.28,0.949,0.975,3.8,87.65,40023.23,75083.6,6.56,9448.14,1.34,4.9,1.08,4632.2,12.04,3.3,2025-10-04T23:50:43.323523
SCM69598,2025-06-19T00:01:22,WH586,SUP8613,8.57,98.85,6,22932.95,0.925,8.33,0.882,0.985,4.6,95.54,31286.28,78824.24,10.05,14668.62,0.94,4.9,1.25,6680.93,19.84,3.8,2025-10-04T23:50:43.323641
SCM32650,2025-04-16T17:10:20,WH291,SUP5704,5.41,98.62,7,55820.23,0.933,6.14,0.944,0.956,5.0,97.21,11544.94,73270.75,7.01,8602.45,0.68,4.3,1.0,6714.03,13.7,4.3,2025-10-04T23:50:43.323748
SCM31258,2025-05-08T09:01:08,WH152,SUP8032,7.68,96.59,5,17379.75,0.965,4.87,0.96,0.952,4.4,93.25,29793.33,55607.88,7.92,11529.96,1.88,4.6,2.34,8641.27,11.54,4.3,2025-10-04T23:50:43.323850
SCM15936,2025-01-20T22:51:23,WH420,SUP6540,9.13,95.8,10,12194.82,0.987,9.68,0.948,0.983,4.4,91.2,49122.92,57114.11,9.03,5479.25,1.36,4.3,0.72,7310.94,17.95,3.1,2025-10-04T23:50:43.323957
SCM38280,2025-02-17T12:42:13,WH259,SUP9818,7.94,96.63,8,24599.72,0.965,9.7,0.941,0.99,4.9,86.89,34081.9,78611.16,10.31,15054.98,0.37,4.0,2.61,6380.36,23.47,4.4,2025-10-04T23:50:43.324069
SCM39167,2025-03-28T10:59:16,WH832,SUP8043,4.01,97.31,8,93013.87,0.936,2.77,0.906,0.955,4.2,93.59,5224.29,78818.81,11.18,3762.33,0.81,4.2,0.72,9733.12,16.48,3.6,2025-10-04T23:50:43.324181
SCM31621,2025-05-11T06:33:41,WH956,SUP1443,4.43,98.98,0,32264.84,0.949,3.49,0.885,0.982,4.0,94.37,38569.78,59354.89,6.0,18314.95,1.62,4.3,1.19,8294.12,19.02,4.6,2025-10-04T23:50:43.324286
SCM29831,2025-05-20T11:23:09,WH109,SUP5795,4.93,96.1,6,92629.67,0.927,9.5,0.958,0.951,4.8,88.45,44520.9,84907.65,9.78,18545.28,1.18,4.9,0.9,5578.88,9.6,3.2,2025-10-04T23:50:43.324392
SCM14974,2025-04-04T19:37:18,WH157,SUP3820,11.81,97.01,0,24793.4,0.925,7.19,0.942,0.968,4.5,94.48,15639.83,93366.54,11.76,15966.25,1.45,4.7,1.54,7632.94,5.77,3.3,2025-10-04T23:50:43.324500
SCM54035,2025-06-07T23:23:31,WH322,SUP8101,4.37,95.89,6,50983.35,0.948,4.17,0.908,0.972,3.7,91.71,9037.48,88480.96,11.78,12554.1,0.25,4.5,2.4,2085.76,20.58,3.3,2025-10-04T23:50:43.324609
SCM71453,2025-01-29T18:25:58,WH642,SUP3577,5.4,95.09,2,75951.98,0.93,9.17,0.933,0.976,4.5,90.36,6655.36,50543.4,8.81,2682.5,1.15,4.8,2.12,5170.42,8.28,4.3,2025-10-04T23:50:43.324724
